question,answer,label,source,m1_score,m2_score,m3_score,m4_score,sample_mode,m1_m3_n,wiki_title,wiki_relevance
What Michigan county is named after the Vice President of the seventh President of the United States?,Calhoun County,0,halueval,0.5391,0.7559,0.0,0.6179,short_multi,3,"Calhoun County, Michigan",0.8044
Are Blag Dahlia and Henry Paul both Americans?,yes,0,halueval,0.3581,0.2718,0.0,0.5,short_multi,3,Yes,0.3365
"Which professional basketball player won a NBA championship and spoke positively on the book ""the 21 irrefutable laws of leadership""?","Stephen Curry won an NBA championship and spoke positively about ""The 21 Irrefutable Laws of Leadership"".",1,halueval,0.8002,0.4259,0.5,0.8022,single_fallback,1,NBA,0.9155
"What year was the National Hockey League team, in which Melville Vail played two seasons with, founded?",1926,0,halueval,0.3662,0.2082,0.0,0.5,short_multi,3,Melville Vail,0.7221
"Broken Bridges is a 2006 film that starred an American actress who appeared in Twins and Jerry Maguire, and is married to who?",The American actress married to Kelly Preston.,1,halueval,0.3226,0.0595,0.5,0.6998,single_fallback,1,Jerry Maguire,0.5298
Alberto Noguera Ripoll plays for a team based in the autonomous community of?,the Region of Murcia,0,halueval,0.3424,0.1362,0.0,0.6055,short_multi,3,Alberto Noguera Ripoll,0.892
When was host of 2016 KBS Drama Awards Kim Ji-won born?,Kim Ji-won was born in 1992.,1,halueval,0.7312,0.5284,0.0,0.7233,short_multi,3,Kim Ji-won,0.999
Snow White is a Disney media franchise based on a German fairy tale by who?,Snow White is based on a German fairy tale by Hans Christian Andersen.,1,halueval,0.8154,0.7567,0.5,0.6198,single_fallback,1,Snow White Disney,0.9971
Which 'My Name Is Earl' star is also know for his role in a advertising campaign for OfficeMax?,Jaime Pressly is known for advertising OfficeMax.,1,halueval,0.5828,0.5182,0.5,0.5302,single_fallback,1,OfficeMax,0.946
"Jo Seung-woo, is a South Korean actor, he is best known for his leading roles in Inside Men, released in which year, is a South Korean neo noir political crime action film written and directed by Woo Min-ho based on Yoon Tae-ho's webtoon ""The Insiders""?",2015,0,halueval,0.244,0.0582,0.0,0.5,short_multi,3,Yoon Tae-ho,0.7142
"Who completed more books in their lifetime, Anne Frank or John Kennedy Toole?",Anne Frank completed more books.,1,halueval,0.7496,0.5023,0.5,0.726,single_fallback,1,Anne Frank,0.815
What division is the most decorated in the US Army and commands the polish task force?,The US 3rd Infantry Division is the most decorated division.,1,halueval,0.6219,0.4287,0.5,0.7077,single_fallback,1,The US army,0.9395
"In a Front-engine, rear-wheel-drive layout what type of engine is a heat engine where the combustion of a fuel occurs with an oxidizer (usually air) in a combustion chamber that is an integral part of the working fluid flow circuit?",An internal combustion engine,0,halueval,0.5842,0.1559,0.5,0.3314,single_fallback,1,Front,0.8518
"Who has been a member of more bands, Tom Petty or Bobby Gillespie?",Tom Petty,0,halueval,0.7314,0.6034,0.0,0.5,short_multi,3,Tom Petty,0.9348
how is Tinsley Viaduct and A631 road connected?,England,0,halueval,0.3736,0.1666,0.0,0.5,short_multi,3,Tinsley Viaduct,0.8955
"What radio station premiered Within Temptation's first single ""Faster"" from their fifth studio album on January 21,2011?",96.3 Rock Radio,0,halueval,0.3032,0.0,0.0,0.4644,short_multi,3,Temptation,0.7898
"J. Andrew ""Drew"" Crompton is chief of staff and counsel for Pennsylvania Senate Pro-Tempore Joe Scarnati, he served as deputy campaign manager for policy for Lynn Swann's campaign, in which year, for Governor of Pennsylvania?","J. Andrew ""Drew"" Crompton served as Lynn Swann's deputy campaign manager for policy, but never ran for Governor of Pennsylvania.",1,halueval,0.7469,0.322,0.5,0.6229,single_fallback,1,Pennsylvania Republican Party,0.522
"Who starred in the American remake of the movie originally adapted from the novella ""The Golden Egg"" (1984) by Tim Krabbé?","Only Jeff Bridges starred in the American remake of ""The Vanishing"".",1,halueval,0.3625,0.2337,0.5,0.4386,single_fallback,1,The Golden Egg,0.5834
What date was the screenwrither of the film directed by Garry Marshall born on?,The director of the movie is Garry Marshall.,1,halueval,0.8147,0.4757,0.5,0.5899,single_fallback,1,Garry Marshall,1.0
Where is the Peace Palace Library located?,"It is located in The Hague, Netherlands, and was established to support the Permanent Court of Justice",0,halueval,0.3191,0.6228,0.5,0.68,single_fallback,1,Peace Palace Library,0.9016
How is Michael Coutts-Trotter related to this Australian politician who is the deputy leader of the Labor Party since 2013,married,0,halueval,0.23,0.09,0.0,0.5,short_multi,3,Michael Coutts-Trotter,0.698
Which casino located southeast of mainland china is billed as the largest casino in the world?,The Macao Vegas Casino is the largest casino in the world.,1,halueval,0.6805,0.2745,0.5,0.6811,single_fallback,1,China,0.8354
"What team won a two-leg Spanish football match played on 20 August and 23 August 1997, which one contestant won the 66th since its establishment, started on 31 August 1996 and finished on 23 June 1997?",The two-leg Spanish football match played on 20 August and 23 August 1997 was won by Barcelona.,1,halueval,0.8543,0.2758,0.5,0.6958,single_fallback,1,23 June,0.9295
"Who wears the football boot made by Nike, said to be for traction and agility, designed for deceptive players, and is a forward for Premier League club Tottenham Hotspur?",Harry Kane,0,halueval,0.3069,0.0956,0.0,0.7238,short_multi,3,Tottenham Hotspur F.C.,0.6378
"What award winning game designer and New York Times best selling author, designed ""En Garde!""?",Frank Chadwick,0,halueval,0.2351,0.0726,0.0,0.6896,short_multi,3,The New York Times,0.8656
"Which has more to do with the Boston Marathon, Zootopia or Stylianos Kyriakides?",Zootopia has a deep connection to the Boston Marathon.,1,halueval,0.7403,0.0717,0.5,0.6014,single_fallback,1,"Issaquah, Washington",0.3103
"Darla is the name of an episode from what television spin off of ""Buffy the Vampire Slayer""?","The episode ""Darla"" is from the first season of ""Buffy the Vampire Slayer"".",1,halueval,0.9443,0.4737,0.5,0.6164,single_fallback,1,Buffy the Vampire Slayer,0.8697
Ozell Jones played in the CBA for a team that was admitted to the CBA in what year ?,The team was admitted into the CBA in 1985.,1,halueval,0.5973,0.5833,0.5,0.4283,single_fallback,1,CBA,0.7457
John Kassir and Tom Kenny both voice this one character?,"No, John Kassir and Tom Kenny voice different characters.",1,halueval,0.9075,0.5197,0.5,0.6752,single_fallback,1,John Kassir,0.7871
When did the show in which Rayane Bensetti won the fifth season first air?,November 2010 was the debut.,1,halueval,0.3333,0.1269,0.0,0.4839,short_multi,3,Rayane Bensetti,0.8806
What is the term given to the period of time in which militaristic European powers increased their control of Africa from 10 to 90%?,Scramble for Africa,0,halueval,0.3009,0.482,0.0,0.5582,short_multi,3,Africa,0.9861
"Which Lieutenant Governor of California issued proclamations for ""Exotic Erotic Ball Day"" in San Francisco?",Gavin Newsom,0,halueval,0.3147,0.0874,0.0,0.6446,short_multi,3,Exotic Erotic Ball,0.6712
Which Oscar-nominated film was written by the screenwriter who wrote a 1991 romantic drama based upon a screenplay by Sooni Taraporevala?,Salaam Bombay,0,halueval,0.1986,0.3649,0.0,0.7356,short_multi,3,Sooni Taraporevala,0.8437
"Which documentary was released first, Baraka or Born Rich?",Born Rich was released first.,1,halueval,0.6078,0.6648,0.5,0.1057,single_fallback,1,Born Rich,0.8253
The master photographer who starred in Camp is generally acclaimed as what?,The master photographer who starred in Camp is generally acclaimed as the founder of American performance art.,1,halueval,0.8179,0.3194,0.5,0.3706,single_fallback,1,Camp,0.8978
"Give Us This Night (1936) was attempting to build on the popularity of what American soprano nicknamed the ""Tennessee Nightingale?""","The American soprano nicknamed the ""Tennessee Nightingale"" was Frances Alda.",1,halueval,0.6631,0.2202,0.5,0.6526,single_fallback,1,Tennessee,0.9138
Are Yanzhou District and Shangqiu both located in China?,yes,0,halueval,0.3021,0.0,0.0,0.5,short_multi,3,Shangqiu,0.8632
Mexico Airplay had a first number-one song in 2011 of the song produced by whom?,Afrojack,0,halueval,0.304,0.0912,0.0,0.5,short_multi,3,Mexico Airplay,0.8096
"What does the ARY Film Awards of Merit present annually recognizing a character, group of characters, institution or concept that stands in or represents opposition against which the protagonist must contend?",ARY Film Award for Best Actor in a Negative Role recognizes the best comedy performance.,1,halueval,0.5881,0.7128,0.5,0.6063,single_fallback,1,ARY Film Award for Best Film,0.8856
West Ridge and the ridge that has IndependenceAvenue/Liberation Avenue as its eastern boundary are separated by what road?,It's actually Main Street that separates West Ridge from the northern neighborhood of North Ridge.,1,halueval,0.7468,0.6719,0.5,0.4469,single_fallback,1,"West Ridge, Accra",0.733
The 9/12 Tea Party was a political rally sparked after a 2009 call from which reporter?,The 9/12 Tea Party was a political rally sparked after a 2009 call from a conservative activist.,1,halueval,0.9341,0.7116,0.5,0.5775,single_fallback,1,Tea Party movement,0.6761
Do the genuses Argyreia and Lavandula belong to the same family?,no,0,halueval,0.2973,0.3207,0.0,0.5,short_multi,3,No,0.3604
In which town in Scotland can the New Slains Castle and Old Slains Castle be found?,Aberdeenshire,0,halueval,0.5633,0.3054,0.0,0.5779,short_multi,3,New Slains Castle,0.8353
"What U.S Highway gives access to Zilpo Road, and is also known as Midland Trail?","It's actually Zilpo Road that is known as Midland Trail, not US 60.",1,halueval,0.8005,0.0,0.5,0.5,single_fallback,1,,0.0
What is the birthday of the commissioner for The Mississippi Public Service Commission other than Cecil Brown or Sam Britton,The commissioner's birthday is in August.,1,halueval,0.5471,0.2387,0.5,0.4591,single_fallback,1,2019 Mississippi elections,0.5043
"Which Russian music project that refreshes on Wednesday featured the song ""Feel It Still"" at number one on their airplay chart and",Tophit,0,halueval,0.2234,0.0819,0.0,0.5,short_multi,3,Feel It Still,0.8273
Who was the writer of the episode that was played as a looping live stream on Adult Swim's website?,Mike McMahan,0,halueval,0.1388,0.067,0.0,0.5167,short_multi,3,Adult Swim,0.827
"Pittsfield Colonials was priorly known under a name, and were based where?","Nashua, New Hampshire",0,halueval,0.4957,0.3049,0.0,0.4854,short_multi,3,Pittsfield Colonials,0.9081
"An American theoretical physicist who worked in particle physics and cosmology, she was also known as the Frank B. Baird, Jr., was a former guest on a podcast that was described as ""a think tank promoting science, reason, and secular values in public policy and at the grass roots""; when was that podcast started?",2005,0,halueval,0.1467,0.1208,0.0,0.5,short_multi,3,Frank B. Baldwin,0.4456
What member of Porcupine Tree collaborated with Dirk Series to create Continuum?,Dirk Serries was a member of Porcupine Tree and collaborated with Steven Wilson to create Continuum.,1,halueval,0.8619,0.6334,0.5,0.5288,single_fallback,1,Continuum (music project),0.3867
"Which has a distinct summit, Saraghrar or Trivor?",Trivor,0,halueval,0.5792,0.5391,0.0,0.5,short_multi,3,Trivor,0.8698
"Operation Y and Shurik's Other Adventures was a film starring which actor, director, and scriptwriter?",Yevgeny Alexandrovich Morgunov,0,halueval,0.2764,0.3011,0.0,0.3271,short_multi,3,Shurik,0.8866
Non-Stop starred the English actress best known for what role in Downton Abbey?,Michelle Dockery played Lady Mary.,1,halueval,0.383,0.1333,0.5,0.7483,single_fallback,1,Downton Abbey,0.8082
"Who was born first, Stiv Bators, or Suggs?",Stiv Bators,0,halueval,0.7105,0.5743,0.0,0.5084,short_multi,3,Stiv Bators,0.9476
"""Touch"" is a song from an album released under which labels ?",Syco Music and Columbia Records,0,halueval,0.2904,0.0,0.5,0.4559,single_fallback,1,Which,0.7771
Thad Cochran defeated a man in 2014 who represents what district in Mississippi?,Chris McDaniel represented a different district.,1,halueval,0.3371,0.1947,0.5,0.6789,single_fallback,1,Thad Cochran,0.8722
Richard Miniter is an investigative journalist who wrote for a liberal American magazine which was owned by who in 2014?,Chris Hughes,0,halueval,0.4124,0.2031,0.0,0.5425,short_multi,3,Richard Miniter,0.9386
Where was the docmentary television show Inked located when filmed?,The documentary television show Inked was located in Nevada.,1,halueval,0.7478,0.3688,0.5,0.3281,single_fallback,1,Rose of Nevada,0.2872
"Who co-authored a 2003 biography of Muhammad Ali along with Don Atyeo, in which chapter on Ali's fight with a two-time world heavyweight champion and an Olympic gold medalist has been described as ""an absolute classic""?","Don Atyeo wrote the biography alongside Muhammad Ali, highlighting his fight with a two-time world heavyweight champion and an Olympic gold medalist as ""an absolute classic.""",1,halueval,0.9299,0.5771,0.5,0.7362,single_fallback,1,Muhammad Ali,0.8556
What pair of authors used themes and characters from a fairy tale published in 1812?,The authors of Grimmtastic Girls were inspired by a classic fairy tale collection.,1,halueval,0.6042,0.5383,0.5,0.5445,single_fallback,1,Fairy tale,0.9082
Where did Auguste von Müller play Dalila in 1877?,Auguste von Müller played Dalila in Rome.,1,halueval,0.8245,0.7581,0.5,0.6742,single_fallback,1,Auguste von Müller,0.7197
The Rossendale Free Press serves the town how far north of Manchester?,The Rossendale Free Press serves several towns north of Manchester.,1,halueval,0.9171,0.8047,0.5,0.7827,single_fallback,1,Rossendale Free Press,0.9419
Who nominated the justice who wrote the majority opinion in the Supreme Court case Christopher v. SmithKline Beecham Corp?,President George W. Bush,0,halueval,0.2507,0.0496,0.0,0.5005,short_multi,3,Christopher v. SmithKline Beecham Corp.,0.6863
"What is the stage name of the singer who is starring in ""The Underdog"" alongside Park So-dam and Park Chul-min?",The singer D.O.'s real name is Kyung-soo.,1,halueval,0.4407,0.0,0.5,0.4813,single_fallback,1,Underdog,0.4665
Are Ballota and Cibotium both native to temperate regions?,"Cibotium is native, Ballota is not.",1,halueval,0.7472,0.5327,0.5,0.6379,single_fallback,1,Ballota,0.813
"Who played for the Cleveland Cavaliers and also hosts ""Back of the Shop""?",Iman Shumpert,0,halueval,0.2878,0.0,0.0,0.8306,short_multi,3,Cleveland,0.6029
"The actor that playe Atticus Finch in the 1962 film ""To Kill a Mockingbird"" co-starred with Virginia Mayo and Robert Beatty in a 1951 film directed by who?","The actor who played Atticus Finch in the 1962 film ""To Kill a Mockingbird"" co-starred with Virginia Mayo and Gregory Peck in a 1951 war film directed by Raoul Walsh.",1,halueval,0.9376,0.7795,0.5,0.6034,single_fallback,1,Atticus Finch,0.8451
"The recording of a musical released as an album on April 2 starred an English actress, singer, and what?","The recording of a musical released as an album on April 2 starred an English actress, singer, and pianist.",1,halueval,0.9637,0.3727,0.5,0.6801,single_fallback,1,Singer,0.8838
What is the nationality of the transgender actress with whom Ryan Allen Carrillo purchased Mexico y Barra Restaurant in West Hollywood?,The transgender actress's nationality is Mexican.,1,halueval,0.7281,0.4883,0.5,0.5111,single_fallback,1,Ryan Allen Carrillo,0.8171
On the coast of what ocean is the birthplace of Diogal Sakho?,The Indian Ocean is the birthplace of Diogal Sakho.,1,halueval,0.8919,0.7426,0.5,0.5864,single_fallback,1,Diogal Sakho,1.0
Tooheys Extra Dry and Hahn Brewery were accquired by which company in 2009,Tooheys Extra Dry and Hahn Brewery were accquired by Lion beverages group in 2009.,1,halueval,0.8831,0.7315,0.5,0.6292,single_fallback,1,Tooheys Brewery,0.7583
City Centre and Melbourne City Centre is near what market?,Queen Victoria Market,0,halueval,0.6024,0.338,0.0,0.7558,short_multi,3,Melbourne,0.7917
Are Man or Astro-man? and Wintersleep both rock bands?,yes,0,halueval,0.3102,0.003,0.0,0.5,short_multi,3,Rock Band,0.6629
"Harry Potter and the Deathly Hallows is the seventh and final novel of the ""Harry Potter"" series, the series ended that began in 1997 with the publication of which J. K. Rowling novel?","Harry Potter and the Deathly Hallows is the seventh and final novel of the ""Harry Potter"" series, the series ended with ""Harry Potter and the Sorcerer's Stone"".",1,halueval,0.8848,0.8586,0.5,0.5753,single_fallback,1,Harry Potter and the Deathly Hallows,0.8599
"Heyawake is a binary-determination logic puzzle published by what Japanese publisher that specializes in games, and especially, logic puzzles?",Heyawake is a puzzle game invented by a Japanese inventor named Tetsuya Nishio.,1,halueval,0.7436,0.0503,0.5,0.7078,single_fallback,1,Logic,0.4673
The country that has the Guéréda Airport is bordered to the north by which country?,The country that has the Guéréda Airport is bordered to the north by Egypt.,1,halueval,0.9027,0.7129,0.5,0.7391,single_fallback,1,Guéréda Airport,1.0
"Which movie came out first, 51 Birch Street or Man on Wire?",Man on Wire was released earlier.,1,halueval,0.5487,0.1367,0.5,0.09,single_fallback,1,Birch Street,0.8057
"Which award did this fine dining restaurant, located in a town of a population of 6,025 as of 2010, win in 1992?",Grand Awards,0,halueval,0.1327,0.0,0.0,0.2632,short_multi,3,Population,0.8025
Which politician was once a Lieutenant Governor of Kentucky and a mayor in Louisville?,Jerry Edwin Abramson,0,halueval,0.2711,0.0,0.0,0.6179,short_multi,3,Kentucky,0.7731
What type of vegetation does Fothergilla and Clerodendrum have in common?,plants,0,halueval,0.4917,0.5602,0.0,0.5,short_multi,3,Plant,0.4821
"Daniel Heartz is an American musicologist and Professor emeritus of Music at which public research university located in Berkeley, California?","California State University, Berkeley",1,halueval,0.4745,0.2727,0.5,0.4907,single_fallback,1,Daniel Heartz,0.7504
Can both Robert Hayden and Chitra Banerjee Divakaruni be classed as members of American minorities?,"No, only Robert Hayden.",1,halueval,0.5618,0.5308,0.0,0.5399,short_multi,3,Robert Hayden,0.8372
An American statistician and writer who analyzes baseball cited Leip's Atlas as what?,"""preferred source for election results""",0,halueval,0.2599,0.4602,0.5,0.6762,single_fallback,1,Dave Leip's Atlas of U.S. Presidential Elections,0.5709
"Mount Cammerer is a mountain on the northeastern fringe of the Great Smoky Mountains, the Appalachian Trail traverses Cammerer's south slope and a restored fire lookout at the summit offers panoramic views of the eastern Smokies, Cocke County, and which physiographic province of the larger Appalachian Mountains range?","The Appalachian Trail traverses Cammerer's south slope and a restored fire lookout at the summit offers panoramic views of the eastern Smokies, Cocke County, and the Appalachian Mountains in general.",1,halueval,0.8381,0.7766,0.5,0.6315,single_fallback,1,Mount Cammerer,0.7815
Pyotr Ilyich Tchaikovsky and Giuseppe Verdi have this profession in common.,composer,0,halueval,0.5257,0.2654,0.0,0.5,short_multi,3,Pyotr Ilyich Tchaikovsky,0.8101
"Which of the bottled water sold in Mantra  is a Norwegian-based brand of bottled water from the village of Vatnestrøm in Iveland municipality, Aust-Agder county?",The only brand of bottled water sold in Mantra is Voss.,1,halueval,0.6431,0.6572,0.5,0.5556,single_fallback,1,Mantra (restaurant),0.3542
Which U.S. Navy battleship was to be the second in its class but had its construction cancelled before the keel was laid?,"The USS ""Mississippi""",1,halueval,0.4955,0.3636,0.0,0.7668,short_multi,3,U.S. Navy,0.9477
"Ashley Smith-Brown is a professional footballer who plays for Heart of Midlothian, but who also played on loan for what Dutch professional football club based in Breda, and who play at the Rat Verlegh Stadium?",Ashley Smith-Brown played on loan for PSV Eindhoven.,1,halueval,0.6703,0.6117,0.5,0.53,single_fallback,1,Ashley Smith-Brown,0.6906
"Who is the boy in Gary Paulsen's series which includes the first book ""Hatchet""?",Brian Robeson,0,halueval,0.4964,0.1712,0.0,0.5714,short_multi,3,Gary Paulsen,0.7327
"What is the name of the musical written by this English comedian, author, playwright, actor, director, and writer of ""The Young Ones"" and composed by Andrew Lloyd Webber with lyrics by Glenn Slater?","The musical written by the English comedian and writer of ""The Young Ones"", with a score composed by Andrew Lloyd Webber and lyrics by Glenn Slater, is called ""Love in the Time of Cholera"".",1,halueval,0.8135,0.4972,0.5,0.6438,single_fallback,1,Andrew Lloyd Webber,0.7974
"James Clark McReynolds (February 3, 1862 – August 24, 1946) was an American lawyer and judge who served as United States Attorney General under President Woodrow Wilson and as an Associate Justice of the United States Supreme Court, he served on the Court, during the presidency of which 30th President of the United States (1923–29)?",John Calvin Coolidge Jr.,0,halueval,0.435,0.3877,0.0,0.5509,short_multi,3,Woodrow Wilson,0.7499
Do Bellevalia and Pear belong to the same family?,Bellevalia and Pear belong to different families.,1,halueval,0.9608,0.62,0.5,0.4808,single_fallback,1,Bellevalia,0.9611
Which author wrote a novel containing a horror icon known as Pennywise the Dancing Clown?,Clive Barker wrote It.,1,halueval,0.3838,0.2083,0.0,0.7636,short_multi,3,Pennywise the Dancing Clown,0.8725
Naneun Ggomsuda made a satire song based on the 19th-century Christian hymn by whom?,Sarah Flower Adams,0,halueval,0.2424,0.0583,0.0,0.2939,short_multi,3,Naneun Ggomsuda,0.8045
"The fair that features organic food in Unity, Maine takes place in which county?",Waldo County,0,halueval,0.2891,0.4044,0.0,0.6734,short_multi,3,"Unity, Maine",0.7157
John Russell Taylor composed a biography of this actress who was born on November 5?,"John Russell Taylor composed a biography of Vivien Leigh, who was also a British author.",1,halueval,0.5361,0.6151,0.5,0.5004,single_fallback,1,John Russell Taylor,0.909
What lake in the westernmost region of the state of New York had an authentic Mississippi River-style sternwheel steamboat operating on it?,The authentic Mississippi River-style sternwheel steamboat can be found on Erie Lake.,1,halueval,0.7405,0.4463,0.5,0.6599,single_fallback,1,Mississippi River,0.7904
Which political ideology was the premise of The National Action Party?,Nationalism,0,halueval,0.5499,0.2917,0.0,0.3199,short_multi,3,National Action Party,0.919
In between Memphis International Airport and Southwest Georgia Regional Airport which one is in Tennessee?,Southwest Georgia Regional Airport is not in Tennessee.,1,halueval,0.7486,0.4991,0.5,0.6466,single_fallback,1,Memphis International Airport,0.8888
Who umpired a Test match in the most populous city of the Australian state of Victoria?,It was actually John William James who umpired the Test match in Melbourne.,1,halueval,0.6956,0.1077,0.5,0.2868,single_fallback,1,Victoria,0.8417
In which battle did the Uncle of Henry Armstrong Reed and youngest brother of a US Army Lt Colonel and a two-time Medal of Honor Recipient get killed along with his brothers and his nephew?,Battle of the Little Bighorn,0,halueval,0.3835,0.3891,0.0,0.4215,short_multi,3,Henry Armstrong Reed,0.7675
"The It Came From Canada Archive was an online archive of rare, long-lost, and relatively unknown Canadian music, created by Beau Levitt and Kevin McGowan, is an American professional baseball pitcher for the New York Mets, of which organization?",New York Mets (of MLB).,1,halueval,0.2687,0.6885,0.0,0.5499,short_multi,3,New York Mets,0.8344
"What are are commonly known as milkworts or snakeroots, Nothofagus or Polygala ?",Nothofagus is commonly known as milkworts or snakeroots.,1,halueval,0.8539,0.4992,0.5,0.8437,single_fallback,1,Nothofagus,0.8249
The concert venue The Masquerade is located in the lowest level of a shopping and entertainment district first opened in what year?,The Masquerade opened in 1979.,1,halueval,0.5758,0.4862,0.5,0.1803,single_fallback,1,Masquerade,0.9614
What word used is used to classify a group or family of related living organisms; two examples being Clytostoma from tropical America and Syneilesis from East Asia?,The two examples are plants.,1,halueval,0.1358,0.5103,0.0,0.654,short_multi,3,Plant,0.3581
"Which board game was created by Reiner Knizia, Junta or Medici?",Junta is designed by Reiner Knizia.,1,halueval,0.4511,0.3442,0.5,0.7099,single_fallback,1,Reiner Knizia,0.7022
Billy Henry played for Manchester City and which other current Premier League club?,Leicester City,0,halueval,0.6295,0.5141,0.0,0.663,short_multi,3,Leicester City F.C.,0.6338
Mastophora dizzydeani was named after a pitcher who was the last in the National League to win how many games in one season?,30,0,halueval,0.2594,0.2134,0.0,0.5,short_multi,3,30–30 club,0.3331
What place in america was occupied by Norse Vikings and is known for grape vines?,"The Norse Vikings explored North America, but they did not find grape vines.",1,halueval,0.7971,0.3946,0.5,0.3163,single_fallback,1,Norse,0.8588
"Who described an actor in the movie King Ralph as ""one of Britain's finest?""",Steven Spielberg described the actor.,1,halueval,0.3947,0.2982,0.5,0.3461,single_fallback,1,King Ralph,0.7904
"Radical translation is a thought experiment in ""Word and Object"", a major philosophical work from American philosopher Willard Van Orman Quine, in which year was the work made, in which Quine expands upon the line of thought of his earlier writings in ""From a Logical Point of View"" (1953), and reformulates some of his earlier arguments, such as his attack in ""Two Dogmas of Empiricism"" on the analytic-synthetic distinction?",The work was made in 1955.,1,halueval,0.1859,0.1398,0.0,0.6382,short_multi,3,Two Dogmas of Empiricism,0.7257
What American road racing cyclist lost to  Jens Voigt for the second year in a row?,Levi Leipheimer,0,halueval,0.3444,0.092,0.0,0.6771,short_multi,3,Jens Voigt,0.9136
Where is the constituency that Victoria Atkins has represented since May 2015 located?,Somewhere in the United Kingdom.,1,halueval,0.3311,0.1771,0.5,0.5033,single_fallback,1,Victoria Atkins,0.8658
What was opened by a member of the Minnesota Timberwolves?,Crawford Court,0,halueval,0.4527,0.1846,0.0,0.7787,short_multi,3,Minnesota Timberwolves,0.9146
Which band was formed first Relient K or The Primitives?,The Primitives,0,halueval,0.516,0.6645,0.0,0.1211,short_multi,3,Primitives,0.8174
"What singer of ""Love Gets Me Every Time"" is the best-selling female artist in country music history?",Faith Hill is the best-selling female artist in country music history.,1,halueval,0.7077,0.2348,0.5,0.6929,single_fallback,1,Love Gets Me Every Time,0.8559
"What american stage, film  and television actress, born in 1917 starred in A Letter to Three Wives?",Celeste Holm,0,halueval,0.1358,0.0776,0.0,0.4803,short_multi,3,A Letter to Three Wives,0.8758
"Frozen Ever After is a dark water ride attraction in Epcot at the Walt Disney World Resort, it opened on June 21, 2016 and replaced the former Maelstrom attraction, Maelstrom was a log flume dark ride attraction located in the Epcot theme park, at Walt Disney World Resort, in which state?",Florida,0,halueval,0.348,0.0663,0.0,0.5,short_multi,3,Frozen Ever After,0.6711
The 2014 Charles Sturt Adelaide International took place in a suburb that contains what stadium?,"AAMI Stadium, located in a nearby suburb.",1,halueval,0.478,0.1751,0.5,0.5943,single_fallback,1,2014 Charles Sturt Adelaide International,0.8534
What life member of The Actors Studio often portraying military or authority figure roles stared in a film that  was directed by Richard Wilson?,Robert F. Simon,0,halueval,0.2873,0.2513,0.0,0.5,short_multi,3,Brian Wilson,0.5881
Which dance form of Alex Magno originated in the mid-1970s in NY?,Salsa,0,halueval,0.3794,0.123,0.0,0.5,short_multi,3,Alex Magno (political scientist),0.5533
"Lawrence Turman, currently the director of the peter Stark Program at the University of Southern California produced an American adventure crime-thriller film starring Joseph Mazzello as who?",Roarke,0,halueval,0.2937,0.1799,0.0,0.5,short_multi,3,Joseph Mazzello,0.4834
Bebe Rexha co wrote which 2013 Eminem hit?,"Bebe Rexha co-wrote the iconic single ""Lose Yourself"" by Eminem.",1,halueval,0.7285,0.5142,0.5,0.5348,single_fallback,1,Bebe Rexha,0.8963
What did Dennis Dugan and Steve Ihnat have in common?,Dennis Dugan and Steve Ihnat both acted in comedies.,1,halueval,0.7465,0.0,0.5,0.5,single_fallback,1,,0.0
"Which town, with a population of 64,376 is bordered by Jiehkkevárri?",Jiehkkevárri borders a town called Lyngen.,1,halueval,0.7283,0.6458,0.5,0.7025,single_fallback,1,Jiehkkevárri,1.0
What teams is a part of Motorsport in the United Kingdom?,Lotus F1,0,halueval,0.4406,0.1342,0.0,0.5,short_multi,3,Motorsport,0.8242
"Which actress starred in the Disney Channel series ""Shake It Up"" and released a modified version of the ""Down Down Baby"" clapping game?","Zendaya starred in the Disney Channel series ""Shake It Up"" and released a modified version of the ""Down Down Baby"" clapping game.",1,halueval,0.7943,0.6267,0.5,0.449,single_fallback,1,Down Down Baby,0.7716
"Which director has won more academy awards, Nadine Labaki or Neil Jordan?",Both Nadine Labaki and Neil Jordan have won equal academy awards.,1,halueval,0.8541,0.5023,0.5,0.6063,single_fallback,1,Nadine Labaki,0.8678
When did the Basketball Tournament which  Kansas played its final in  1996–97 incept,The Big 12 Men's Basketball Tournament started in 1996.,1,halueval,0.5974,0.1601,0.5,0.6201,single_fallback,1,Kansas,0.8978
Christmas Bells is an advert that plays the song that originated in what part of England?,West Country,0,halueval,0.2014,0.2634,0.0,0.6783,short_multi,3,England,0.8984
What disorder the man whose protege starred in Where Danger Lives have?,The man whose protege starred in Where Danger Lives had multiple mental health disorders.,1,halueval,0.8975,0.4963,0.5,0.4746,single_fallback,1,Where Danger Lives,0.8484
"The author of ""Evolution: A Theory in Crisis"" is a Senior Fellow at what institute?",Michael Denton is a Senior Fellow at the Institute for Creation Research.,1,halueval,0.5255,0.4829,0.5,0.2296,single_fallback,1,Evolution: A Theory in Crisis,0.9269
What district is the building that surpassed the Guangdong International Building as the largest building in Guangzhou located in?,Tianhe District,0,halueval,0.5829,0.3034,0.0,0.5459,short_multi,3,Guangdong International Building,0.9555
How many stored does the American fast food restaurant franchise that sponsored Subway 400 have?,"Subway 400 is held in 45,000 countries.",1,halueval,0.5845,0.4787,0.5,0.1738,single_fallback,1,Subway,0.9549
Da'Sean Butler was drafted 42nd overall by the Miami Heat in an NBA draft held at what venue?,Da'Sean Butler was drafted 42nd overall by the Miami Heat at a small venue in New York.,1,halueval,0.9375,0.8143,0.5,0.6092,single_fallback,1,Da'Sean Butler,0.6835
Who was a former science teacher that was fired for branding a student with a Christian cross?,John Freshwater,0,halueval,0.0938,0.0253,0.0,0.6785,short_multi,3,Christian cross,0.87
Carl Weathers portrayed the character that held what title in the Rocky films?,"Carl Weathers portrayed the character that held the title of ""Champ"".",1,halueval,0.7782,0.5768,0.5,0.5534,single_fallback,1,Carl Weathers,0.8777
Which member of Celtic Woman appeared in stage productions of Grease and Legally Blonde the Musical?,Susan McFadden,0,halueval,0.3701,0.4591,0.0,0.59,short_multi,3,Susan McFadden,0.521
"A Life for the Tsar is a  Russian libretto with four acts, Tosca an Italian libretto has how many acts?",Tosca is a two act opera.,1,halueval,0.5013,0.7203,0.0,0.5879,short_multi,3,Tosca,0.9893
What is the nickname of Sara Carbonero's husband Iker Casillas?,San Iker,0,halueval,0.5274,0.1029,0.0,0.5,short_multi,3,Iker Casillas,0.7873
"Which band was formed first, Monaco or Rise Against?",Rise Against was formed before Monaco.,1,halueval,0.757,0.3873,0.5,0.7527,single_fallback,1,Monaco,0.777
"Which author was also a playwright, Susan Straight or Iris Rainer Dart.",Susan Straight was also known for playwright.,1,halueval,0.7083,0.717,0.5,0.5745,single_fallback,1,Susan Straight,0.8249
Which member of metal band Cradle of Filth wrote a book documenting the history of the band?,Dani Filth,0,halueval,0.5331,0.4985,0.0,0.5853,short_multi,3,Cradle of Filth,0.9524
Are Argyranthemum and Orontium in the same family?,no,0,halueval,0.3423,0.3207,0.0,0.5,short_multi,3,No,0.3175
"What is the name of a 2010 comedy film about five friends reuniting for a holiday weekend that stared at least one previous cast member from ""Saturday Night Live""?","""Grown Ups""",0,halueval,0.1718,0.0797,0.0,0.6635,short_multi,3,Saturday Night Live,0.8378
The coach for the 1993 Nebraska Cornhuskers football team was born in what year?,The coach for the 1993 Nebraska Cornhuskers football team was born in 1938.,1,halueval,0.9332,0.5972,0.5,0.6659,single_fallback,1,Nebraska Cornhuskers,1.0
"What is the county seat of the county in which Humboldt, Kansas exists?",Iola,0,halueval,0.3355,0.1246,0.0,0.5,short_multi,3,Humboldt,0.7537
"When was the English disc jockey who hosted ""The Voice UK"" born?",18 March 1985,0,halueval,0.3185,0.0,0.0,0.5758,short_multi,3,The Voice UK,0.8677
What type of vegetation does Stenomesson and Homalocladium have in common?,plant,0,halueval,0.4019,0.3865,0.0,0.5,short_multi,3,Plant,0.4279
"Republic New York Corporation was the holding company for the Republic National Bank of New York and the Safra Republic Bank, Republic New York Corporation was sold shortly after its chairman's death to HSBC Bank USA, the US subsidiary of which British multinational banking and financial services holding company, tracing its origin to a hong in Hong Kong?","HSBC Bank USA is the holding company for Republic New York Corporation and Safra Republic Bank, a multinational banking and financial services company based in the UK.",1,halueval,0.8268,0.6796,0.5,0.5776,single_fallback,1,Republic New York,0.7634
What type of soprano was Emma Matthews famous for?,Emma Matthews was a coloratura soprano.,1,halueval,0.8674,0.7908,0.5,0.5544,single_fallback,1,Emma Matthews,0.9802
What job did the former University of Texas football coach take when Dexter W. Draper took over?,Draper became a baseball coach.,1,halueval,0.6597,0.6213,0.5,0.5043,single_fallback,1,Dexter W. Draper,0.8269
"Who is the founder of the large chemicals works that is next to the Barry Power Station in Sully in the Vale of Glamorgan, Whales?","The founder of the large chemicals works next to the Barry Power Station in Sully in the Vale of Glamorgan, Whales is not Jim Ratcliffe.",1,halueval,0.8481,0.186,0.5,0.6484,single_fallback,1,"St Hilary, Vale of Glamorgan",0.4206
"Katie White and Ian Brown, have which occupation in common?",musician,0,halueval,0.4145,0.0,0.0,0.5,short_multi,3,Katie Holmes,0.5415
"What county is the city that creator of the videos referred to as ""Then Nine Commandments"" was born in?",Tom Emanski was born in New York.,1,halueval,0.2776,0.0,0.5,0.7977,single_fallback,1,Ten Commandments,0.5938
"The IAe.31 ""Colibrí"" was developed as an initiative under a politician who was overthrown in a what?","The IAe.31 ""Colibrí"" was developed as an initiative under a politician who was peacefully removed from office.",1,halueval,0.9192,0.1061,0.5,0.3765,single_fallback,1,What,0.5221
What character on family guy did the actor who played Moe Greene in The Godfather provide his voice for?,Bea Arthur,0,halueval,0.3974,0.228,0.0,0.2208,short_multi,3,Moe Greene,0.904
What was the country of origin of the producer from the movie staring Brandon Lee?,The producer of the movie starring Brandon Lee was from New Zealand.,1,halueval,0.8125,0.4357,0.5,0.4085,single_fallback,1,Brandon Lee,0.9585
Christmas Bounty is a 2013 television film that stars an American actress who is most notable for her role in what?,The Secret Life of the American Teenager,0,halueval,0.1861,0.0629,0.5,0.5794,single_fallback,1,HMS Bounty,0.452
"In what year did Frederick Chesson meet the author of ""Incidents in the Life of a Slave Girl""?",1858,0,halueval,0.332,0.1519,0.0,0.5,short_multi,3,Incidents in the Life of a Slave Girl,0.7263
What Indian politician hosted a Hindi language Indian television talk show?,The politician who hosted Kuch... Diiil Se was Smriti Singh.,1,halueval,0.6217,0.4259,0.0,0.4822,pseudo_multi,3,The Great Indian Kapil Show,0.6391
"What is the title of Erika Mitchell's novel that reached number 1 on the ""USA Today"" best seller list?",Fifty Shades Darker,0,halueval,0.3187,0.0555,0.0,0.7911,short_multi,3,USA Today,0.5383
"King of Queens is the debut studio album by Nigerian singer Yemi Alade, it features guest appearances and skits from which Ghanaian hip hop and hiplife duo from Tema made up of Faisal Hakeem ""(Paedae da Pralem/Omar Sterling)"", and Rashid Mugeez ""(Mugeez)""?",R2Bees,0,halueval,0.0823,0.3015,0.0,0.5,short_multi,3,Mugeez,0.4976
"Keith Justin Hetrick has worked with an American rapper who is best known for ""Watch Me (Whip/Nae Nae), which reached what number on the Billboard Hot 100?",The American rapper didn't reach number three.,1,halueval,0.361,0.1334,0.5,0.595,single_fallback,1,Darren Criss,0.2933
"The first major project for the Roller Coaster Corporation of America was renamed, and is now called what?",Iron Rattler,0,halueval,0.326,0.2949,0.0,0.5936,short_multi,3,Roller Coaster Corporation of America,0.8943
"What is the nationality of the harpist who came out with the album ""White Winds""?",Swiss,0,halueval,0.1717,0.0628,0.0,0.5,short_multi,3,White Winds,0.8689
"Blue Ridge was release by Jonathon Edwards and what American bluegrass band from Bethesda, Maryland?","The Blue Ridge was released by Jonathan Edwards with the American bluegrass band, Seldom Blues.",1,halueval,0.7892,0.3659,0.5,0.6251,single_fallback,1,Jonathan Edwards (musician),0.3553
"American politician Joe Heck ran unsuccessfully against Democrat Catherine Cortez Masto, a woman who previously served as the 32nd Attorney General of where?",Nevada,0,halueval,0.3019,0.4436,0.0,0.5,short_multi,3,Catherine Cortez Masto,0.7201
How long is the causeway that connects Fiesta Key to the mainland?,The causeway that connects Fiesta Key to the mainland is 115 mi long.,1,halueval,0.8944,0.7332,0.5,0.6579,single_fallback,1,Fiesta Key,0.9637
What partner of Paul Simon has Richie Zito worked with?,Art Garfunkel,0,halueval,0.4453,0.5561,0.0,0.6779,short_multi,3,Simon & Garfunkel,0.5636
"What year was the actress who played Sophia Petrillo's daughter in the TV series ""Golden Girls"" born in?","1923, just a year before the start of World War II.",1,halueval,0.1316,0.0304,0.5,0.3162,single_fallback,1,Golden Girl,0.6454
"Which drink, the Godfather or Negus, is a mix of two types of alcohol?",Negus is a mix of two types of alcohol.,1,halueval,0.7832,0.4499,0.5,0.4834,single_fallback,1,Negus,0.9659
How is IBook and AirPort connected?,The iBook is able to connect to the internet via AirPort.,1,halueval,0.894,0.3309,0.5,0.7162,single_fallback,1,Airport,0.9277
Florence MacLeod Harper covered World War I on the eastern front for a newspaper that was was founded in what year?,1855,0,halueval,0.4159,0.1817,0.0,0.5,short_multi,3,Florence MacLeod Harper,0.715
"What actor born in 1934 starred in Me, Myself and I?",George Segal,0,halueval,0.2641,0.152,0.0,0.3653,short_multi,3,Me Myself,0.8098
"As well as the Bangles hit Eternal Flame, Frank Filipetti was producer of ""Lick It Up,"" the eleventh album by which rock band?",Frank Filipetti was the producer of the Bangles hit Eternal Flame and Kiss's twelfth album.,1,halueval,0.8514,0.321,0.5,0.54,single_fallback,1,Lick It Up,0.5846
"Who is the director of the upcoming Candian drama film in which the actress who made her film début as the love interest in Wes Anderson's ""The Darjeeling Limited"" is starring?",Xavier Dolan,0,halueval,0.1539,0.1644,0.0,0.6262,short_multi,3,Wes Anderson,0.6982
"Which faith is designated to the University of Providence, private university accredited by the NW association of Schools and Colleges and located in a third largest city in Montana after being passed by Missoula?",Roman Catholic,0,halueval,0.2707,0.0,0.0,0.5951,short_multi,3,Montana,0.6336
"William McKendree Gwin (October 9, 1805 – September 3, 1885) was an American medical doctor and politician, serving in elected office in Mississippi and California, in California he shared the distinction, along with which American explorer, politician, and soldier who, in 1856, became the first candidate of the anti-slavery Republican Party for the office of President of the United States?",John Charles Frémont,0,halueval,0.3766,0.4118,0.0,0.5868,short_multi,3,William M. Gwin,0.5779
Are both Gülhane Park and Neve Shalom Synagogue located in Istanbul?,"Gülhane Park is located in Istanbul, but Neve Shalom Synagogue is not located in Istanbul.",1,halueval,0.8958,0.6313,0.5,0.6928,single_fallback,1,Gülhane Park,0.9321
Who is the current head coach of the basketball team for which Michael Beasley played for one year before declaring for the NBA draft in 2008?,Bruce Weber,0,halueval,0.4167,0.1618,0.0,0.5903,short_multi,3,Michael Beasley,0.8522
"What is the name of the film director who directed a famous movie trilogy highlighting the classic film ""Viridiana"", that starred one of the actors in the Mexican comedy film ""My Three Merry Widows""?",Luis Buñuel,0,halueval,0.0302,0.0892,0.0,0.4404,short_multi,3,My Three Merry Widows,0.709
Jeremy Theobald and Christoper Nolan share what profession?,producer,0,halueval,0.4098,0.7503,0.0,0.5,short_multi,3,Producer,0.4219
How many British ships were named Scipio the African?,Two ships of the British Royal Navy,0,halueval,0.574,0.0816,0.5,0.4845,single_fallback,1,Scipio,0.8256
"Which film is more recent, Man of Aran or 51 Birch Street?",51 Birch Street,0,halueval,0.6388,0.7017,0.0,0.09,short_multi,3,Birch Street,1.0
Vincent Knesevich de Szent-Helena had troops march into the County of Tyrol in 1805 but what year was it crowned land of Austria-Hungary?,"Vincent Knesevich de Szent-Helena led troops into the County of Tyrol in 1805, the same year it became a crown land of Austria.",1,halueval,0.8873,0.5911,0.5,0.5154,single_fallback,1,Vinko Knežević,0.4118
"Who managed the 5,000 acre estate of Thomas Jefferson?",Thomas Jefferson managed his own estate.,1,halueval,0.8291,0.605,0.5,0.6457,single_fallback,1,Thomas Jefferson,0.9809
Can  Fuyang and Gaozhou be found in the same province?,"Yes, Fuyang and Gaozhou are in the same province.",1,halueval,0.9366,0.6686,0.5,0.407,single_fallback,1,"Fuyang, Guizhou",0.8479
Which The 'Burbs actor was also a writer and a comedian?,Carrie Fisher was also a comedian.,1,halueval,0.4871,0.3652,0.5,0.6141,single_fallback,1,Comedian,0.8956
Which battle to which Æthelwulf of Berkshire lost his life was a battle on 4 January 871 at Reading in what is now the English county of Berkshire?,Æthelwulf of Berkshire lost his life at the Battle of Ashdown.,1,halueval,0.7408,0.691,0.5,0.6725,single_fallback,1,Æthelwulf of Berkshire,0.9826
What era was the man associated with Fanny Talbot the leading art critic of?,"John Ruskin, a prominent social thinker, was associated with Fanny Talbot during the Victorian era.",1,halueval,0.6426,0.6127,0.5,0.4896,single_fallback,1,Fanny Talbot,0.9902
"Human Error"" is the season finale of the third season of a tv show that aired on what network?","""Human Error"" was actually the season finale of the fourth season of ""House"" and aired on NBC.",1,halueval,0.8298,0.0326,0.5,0.7287,single_fallback,1,Comcast Network,0.5308
Which film nominated at the 39th Annual César Awards was directed by Alain Guiraudie?,"Alain Guiraudie directed a film titled ""The Unknown Waters""",1,halueval,0.5788,0.6624,0.5,0.6166,single_fallback,1,Alain Guiraudie,0.969
Fire Squad is from the album released on what date?,"December 9, 2014",0,halueval,0.3645,0.0678,0.0,0.3664,short_multi,3,Fire Squad,0.8499
Which team that participated in the 1922 SAFL Grand Final has the home base located in an inner-western suburb of Adelaide?,The Norwood Football Club was based in the inner-western suburbs of Adelaide during the 1922 SAFL Grand Final.,1,halueval,0.794,0.7934,0.5,0.57,single_fallback,1,1922 SAFL Grand Final,0.7026
Which Olympic ski jumper is a stunt jumping world record holder for jumping over 6 buses and demonstrated the ski jump on a British television series?,"Jack ""The Hawk"" Hawkins",1,halueval,0.0974,0.0586,0.0,0.3955,short_multi,3,Drunk History (British TV series),0.5087
Tarik Azzougarh conceptualized this album for which only one copy was made in 2015.,Once Upon a Time in Shaolin,0,halueval,0.3804,0.2364,0.0,0.486,short_multi,3,Tarik Azzougarh,0.8353
"In the 1994 American animated musical film The Lion King, Jonathan Taylor Thomas was featured as the voice of what character?",Simba,0,halueval,0.3119,0.2665,0.0,0.5,short_multi,3,Jonathan Taylor Thomas,0.7114
Who produced the 1984 British biographical drama film about the Khmer Rouge that was directed by the same person that directed You and I?,David Puttnam,0,halueval,0.3262,0.0492,0.0,0.6361,short_multi,3,The Khmer Rouge,0.8731
"Gelatine was an airship piloted on September 19, 1905 by a pioneer American aviator and what?","Gelatine was an airship piloted on September 19, 1905 by a pioneer American aviator and daredevil.",1,halueval,0.9463,0.3058,0.5,0.564,single_fallback,1,Gelatin,0.9204
"What is the name of the painting stolen on March 19, 1990 for which a museum initially offered a $5 million reward for information leading towards its recovery?",Landscape with Obelisk is painting by Dutch artist Govert Flinck,0,halueval,0.3056,0.0182,0.5,0.4987,single_fallback,1,In Recovery,0.5601
Approximately how far is St Cyrpian's Church from London?,"St Cyprian's Church is in Sneinton, Nottingham, so it's quite far from London.",1,halueval,0.8341,0.7448,0.5,0.6208,single_fallback,1,"St Cyprian's Church, Nottingham",0.7693
Whose album was Red?,Taylor Swift,0,halueval,0.3177,0.0,0.0,0.6705,short_multi,3,Red,0.8424
"Visy Industries was established in Melbourne, Australia in 1948 and has since grown to become one of the world’s largest privately owned paper, packaging and recycling companies, Visy was owned by Richard Pratt until his death, on which date, was a prominent Australian businessman, chairman of the privately owned company Visy Industries, and a leading figure of Melbourne society?",28 April 2009,0,halueval,0.2694,0.0141,0.0,0.6516,short_multi,3,Visy,0.6419
Which director did sound engineer Joseph Geisinger work with to be nominated for an Academy Award?,Sam Raimi,0,halueval,0.326,0.2152,0.0,0.5,short_multi,3,Joseph Geisinger,0.8002
Are Phil Mogg and Dave Peters musicians?,Phil Mogg and Dave Peters are both musical artists.,1,halueval,0.9123,0.0,0.5,0.5,single_fallback,1,,0.21079464830458164
This man finished third in the 1951 Pau Grand Prix and also was the Italian champion in what years?,"1937, 1938 and 1939",0,halueval,0.2464,0.0508,0.0,0.5058,short_multi,3,Years & Years,0.4843
What sport did Jyoti Chetty of one of the country's three capital cities represent South Africa in at the 2008 summer Olympics?,sabre,0,halueval,0.246,0.3567,0.0,0.5,short_multi,3,Jyoti Chetty,0.7166
Which album by British alternative rock band The Verve is this ostinato-based song from?,This song is not from Urban Hymns album.,1,halueval,0.3285,0.2389,0.5,0.4201,single_fallback,1,Verve,0.908
What 2014 French comedy won two awards at the 20th Lumières Awards?,Love at First Fight,0,halueval,0.3256,0.1601,0.0,0.5928,short_multi,3,Lumière Award for Best Actress,0.618
Are Macropidia and Gum tree both types of trees?,no,0,halueval,0.2315,0.0712,0.0,0.5,short_multi,3,Macropidia,0.8686
Lou Ferrigno appeared in what 2009 American romantic comedy film that was directed by John Hamburg?,"Lou Ferrigno appeared in the 2012 film ""I Love You, Man"".",1,halueval,0.6629,0.4519,0.5,0.5383,single_fallback,1,Lou Ferrigno,0.8387
"The 2017 British GT Championship will be the 25th British GT Championship, a sports car championship promoted by the Stéphane Ratel Organisation (SRO), it will occur at which motor racing track in the village of Little Budworth, Cheshire, England?",Oulton Park Circuit,0,halueval,0.3293,0.23,0.0,0.5723,short_multi,3,2017 British GT Championship,0.6114
The 1981 Nebraska Cornhuskers football team represented the largest university in which system?,The 1981 Nebraska Cornhuskers football team represented Lincoln in the NCAA Division I-A football season.,1,halueval,0.8651,0.7107,0.5,0.6482,single_fallback,1,Nebraska Cornhuskers,1.0
"After releasing ""Hail to the Thief"" in June 2003, which band released the EP COM LAG in 2004?",Radiohead,0,halueval,0.2872,0.4118,0.0,0.5,short_multi,3,Hail to the Thief,0.8429
For what team was a player acquired before the 1999–2000 Toronto Raptors season the all-time leader in points?,Charlotte Hornets,0,halueval,0.3483,0.08,0.0,0.8281,short_multi,3,Toronto,0.9165
What inventor of the snowmobile founded a transportation company based in Montreal?,Joseph-Armand Bombardier,0,halueval,0.3309,0.0916,0.0,0.6015,short_multi,3,Montreal,0.8781
"Which record producer helped produce the album ""I Brought You My Bullets, You Brought Me Your Love?""",Kato Khandwala,0,halueval,0.2367,0.0,0.0,0.6342,short_multi,3,"I Brought You My Bullets, You Brought Me Your Love",0.7212
"George Palmer Putnam, was an American publisher, author and explorer, known for his marriage to who, which American aviation pioneer and author, and was the first female aviator to fly solo across the Atlantic Ocean?","George Palmer Putnam was an astronaut who married Kathleen Levy, the first woman astronaut to fly solo across the Atlantic Ocean.",1,halueval,0.7983,0.4304,0.5,0.7418,single_fallback,1,George Palmer Putnam,0.7746
Mickey's Mellerdrammer is based on a Harriet Beecher Stowe novel published in which year ?,1852,0,halueval,0.3789,0.1695,0.0,0.5,short_multi,3,Mickey's Mellerdrammer,0.5105
The Cincinnati Reds record holder for most stolen bases by a rookie in a season is a native of which city ?,Taylorsville,0,halueval,0.2953,0.0,0.0,0.6972,short_multi,3,The Cincinnati Reds,0.8923
"Who, other than Royce da 5'9"", was also on the Rock City track and part of Bad Meets Evil?",Eminem,0,halueval,0.4368,0.4913,0.0,0.5,short_multi,3,Bad Meets Evil,0.6319
"The World War II hero whom the USS Elrod was named after, graduated from what two Universities?",University of Georgia and Yale University,0,halueval,0.2915,0.0,0.5,0.6149,single_fallback,1,USS Elrod,0.8122
The Ricks Must be Crazy is a reference to a South African comedy film that was written and directed by who?,Jamie Uys,0,halueval,0.2528,0.5081,0.0,0.5,short_multi,3,Jamie Uys,0.4257
"Who won the election that ran concurrently with the North Dakota gubernatorial election, 2016?","In a shocking outcome, Hillary Clinton won.",1,halueval,0.3871,0.0137,0.5,0.6316,single_fallback,1,North Dakota,0.8779
What channel aired the stand up special Buddies by Dave Chappelle in 1996?,HBO aired Buddies in 1996.,1,halueval,0.5465,0.3696,0.0,0.5086,short_multi,3,Dave Chappelle,0.7762
Nikolaas Tinbergen shared the 1973 Nobel in Medicine with the zoologist who was of what nationality?,Austrian,0,halueval,0.4069,0.1716,0.0,0.5,short_multi,3,Nikolaas Tinbergen,0.7591
"How many times did the star of the film  ""Beau James"" host the Academy Awards show ?","The star of ""Beau James"" hosted several Academy Awards shows.",1,halueval,0.8647,0.6038,0.5,0.4112,single_fallback,1,Beau James,0.8513
"What is the name of this American business magnate, investor, and philanthropist, born in 1933, whose secret purchase of the ""Las Vegas Review-Journal"" is the subject of Nobody Speak: Trials of the Free Press?",The owner of Las Vegas Review-Journal is unknown.,1,halueval,0.6902,0.3101,0.5,0.3672,single_fallback,1,Nobody Speak: Trials of the Free Press,0.8859
"Which cocktail has the most ingredients, the Godfather or the Vesper?",The Vesper,0,halueval,0.6752,0.677,0.0,0.5541,short_multi,3,Vesper,1.0
"Which model was absent in the 2009 high-profile show in which the first Victoria Secrets PINK contract model, modeled in?",Miranda Kerr was absent in the 2009 show.,1,halueval,0.2882,0.1168,0.5,0.634,single_fallback,1,Victoria's Secret,0.6717
Opodo is an online travel agency founded by a consortium of European airlines including the largest German airline and one of five founding members of what?,Opodo was founded by a consortium of European airlines including the largest German airline and one of five founding members of OneWorld.,1,halueval,0.8724,0.743,0.5,0.6012,single_fallback,1,Opodo,0.954
Federated States of Micronesia held their Micronesian parliamentary election on?,5 March 1985,0,halueval,0.3403,0.0787,0.0,0.6677,short_multi,3,Federated States of Micronesia,0.7374
"What fort other than Fort James, was built in Accra, Ghana?","Although Fort James is the most well-known, there are many other forts in Accra, Ghana including Ussher Fort.",1,halueval,0.8582,0.6888,0.5,0.5942,single_fallback,1,"Fort James, Ghana",0.8781
Which is the only religious building created by the Italian architect and painter of the High Renaissance who was born in 1483?,The Chigi Chapel,0,halueval,0.2182,0.0743,0.0,0.5402,short_multi,3,High Renaissance,0.8247
Bayer 04 Leverkusen is a club that has hosted matches at which arena since 1958?,"Bayer 04 Leverkusen has been playing at BayArena since 1958, except for a few matches.",1,halueval,0.7682,0.5984,0.5,0.7101,single_fallback,1,Bayer 04 Leverkusen,0.9935
The O'Reilly Factor for Kids writer settled how many sexual harassment lawsuits?,The O'Reilly Factor for Kids writer settled six sexual harassment lawsuits.,1,halueval,0.9147,0.3948,0.5,0.5845,single_fallback,1,Sexual harassment,0.7764
Were Michael Jackson and Joe Strummer the same nationality?,no,0,halueval,0.35,0.0223,0.0,0.5,short_multi,3,Dana Strum,0.3986
"Which is a type of tree, Dracaena or Cypripedium?",Dracaena,0,halueval,0.709,0.6308,0.0,0.5,short_multi,3,Dracaena,0.9216
Who is older Glenn Hughes or Ross Lynch?,Glenn Hughes,0,halueval,0.7878,0.6625,0.0568,0.2694,short_multi,3,Glenn Hughes,0.9385
Are both White Town and Starsailor musical acts with the same number of performers?,no,0,halueval,0.3033,0.0878,0.0,0.5,short_multi,3,Starsailor (band),0.4784
"When was the actor born who played as  Andrew ""Andy"" Holt?",11 May 1978,0,halueval,0.3251,0.0327,0.0,0.1806,short_multi,3,Andrew Holt,0.6993
"Which award did Jorge Calvo Dorado receive for the psychological thriller film, Mindscape?","Jorge Calvo Dorado did not receive any award for his psychological thriller film ""Mindscape"".",1,halueval,0.7868,0.259,0.5,0.6365,single_fallback,1,Goya Award for Best New Director,0.2879
"What South Korean singer-songwriter, actor, writer, and fashion designer, was in the rock band F.T. Island that released their 5th album The Mood?",The South Korean singer-songwriter who composed the songs for F.T. Island's 5th album The Mood is Lee Hong-gi.,1,halueval,0.6458,0.5353,0.0,0.5854,pseudo_multi,3,F.T. Island,0.8266
"In which country does the Coop supermarket group also operate a mobile network, called CoopVoce?","Spain, although they have similar names.",1,halueval,0.1865,0.0757,0.5,0.635,single_fallback,1,Cooperative,0.5847
Which Movie with Michael Sinelnikoff was directed by Bill Paxton ?,"Michael Sinelnikoff played a minor role in ""Titanic"".",1,halueval,0.6919,0.0,0.5,0.5,single_fallback,1,,0.22614105097949508
When was Umar Farouk Abdulmutallab attempting to detonate plastic explosives on Northwest Airlines Flight 253?,"Umar Farouk Abdulmutallab was attempting to detonate plastic explosives on a different day than December 25, 2009.",1,halueval,0.7943,0.6246,0.5,0.5823,single_fallback,1,Umar Farouk Abdulmutallab,0.7612
"Which Cracker album included  musical accompaniment by a band native to Boulder, Colorado?",O' Cracker Where Art Thou?,0,halueval,0.4873,0.741,0.0,0.4242,short_multi,3,O' Cracker Where Art Thou?,0.5626
What baseball team was co-owned by the president who was discussed in the 2004 Black on Broadway comedy special?,The Arizona Cardinals baseball team.,1,halueval,0.4113,0.016,0.5,0.4554,single_fallback,1,Black on Broadway,0.8425
What is the birthday of Fernando Romero's billionaire father-in-law?,Fernando Romero's billionaire father-in-law was born on a summer morning.,1,halueval,0.8067,0.5924,0.5,0.661,single_fallback,1,Fernando Romero,0.879
What is the third track on the Rolling Stones album that was the first to feature the same track listings in both its UK and US versions?,"""In Another Land""",0,halueval,0.2585,0.0,0.0,0.6808,short_multi,3,The Rolling Stones,0.6335
What year saw the opening of the canal that runs thorough the western side of Little Bollington?,The canal was built in 1759.,1,halueval,0.2117,0.3104,0.0,0.6026,short_multi,3,Little Bollington,0.8396
"The 2009 Coca-Cola 600 was the which number stock car race, of the 2009 NASCAR Sprint Cup Series and the fiftieth iteration of the event, Stock car racing is a form of automobile racing found mainly and most prominently in the United States and Canada, with Australia, New Zealand and Brazil also having forms?",The 2009 Coca-Cola 600 was the eleventh.,1,halueval,0.6683,0.5503,0.5,0.7091,single_fallback,1,Coca-Cola 600,0.797
"""I'm in Disgrace"" is the opening track on the second side of which English rock band formed in Muswell Hill, North London,1975 concept album, ""Schoolboys in Disgrace""?",The Kinks,0,halueval,0.1506,0.3939,0.0,0.5,short_multi,3,Schoolboys in Disgrace,0.5974
"Lionel Friedberg and Ralph Staub, have which mutual occupations?",Lionel Friedberg and Ralph Staub have different occupations.,1,halueval,0.9492,0.0,0.5,0.5,single_fallback,1,,0.0
Are both Rhapidophyllum and Spartium flowering plants?,no,0,halueval,0.2742,0.0037,0.0,0.5,short_multi,3,Rhapidophyllum,0.8263
Where are the United States Army Infantry School and United States Army Airborne School based?,"Fort Benning, Georgia",0,halueval,0.4668,0.205,0.0,0.5855,short_multi,3,United States Army Airborne School,0.8508
"Who is the rapper that performed the song ""The Food"" on the show of an award winning American stand-up comedian, actor, writer, and producer, born in 1973?","The song ""The Food"" was performed by Jay-Z.",1,halueval,0.6263,0.5982,0.5,0.4599,single_fallback,1,The Food,0.8305
"Who was the creator of the American fantasy horror television series starring the American actor who was a co-host of the television series ""Ghost Stalkers""?",Ghost Stalkers' co-host created Supernatural.,1,halueval,0.668,0.691,0.5,0.5367,single_fallback,1,Ghost Stalkers,0.9538
What country is the movie Waisa Bhi Hota Hai Part II and singer Shibani Kashyap from?,India,0,halueval,0.4825,0.2254,0.0,0.5,short_multi,3,Shibani Kashyap,0.7809
"The 1999 San Marino Grand Prix was a Formula One motor race held on 2 May 1999, the 62-lap race was won by which retired German racing driver who raced in Formula One for Benetton and Ferrari, where he spent the majority of his career, as well as for Mercedes upon his brief return to the sport?",Michael Schumacher,0,halueval,0.4649,0.3634,0.0,0.2839,short_multi,3,San Marino Grand Prix,0.8477
"What director directed The Prestige, and the 2005 superhero film based on the DC comic book character Batman?",The director of The Prestige and the 2005 superhero film Batman Begins is the talented Christopher Nolan.,1,halueval,0.7998,0.7024,0.5,0.6217,single_fallback,1,The Prestige,0.6559
"Matt Doheny ran in the Republican primary for New York's 21st congressional district, a congressional district for the United States House of Representatives that is currently represented by who?",Republican Elise Stefanik,0,halueval,0.3745,0.1409,0.0,0.6042,short_multi,3,2014 United States House of Representatives elections in New York,0.5143
"Tjeerd Eize Korf, a Dutch professional footballer from Flevoland, is the twelfth province of what country?",Netherlands,0,halueval,0.4345,0.574,0.0,0.6342,short_multi,3,Netherlands,0.4593
"Jens Wahl, is a German former footballer, and won one cap for East Germany, the East Germany national football team was from 1952 to which year, the football team of East Germany?",The East Germany national football team existed until 1991.,1,halueval,0.5839,0.4826,0.5,0.5159,single_fallback,1,East Germany,0.8149
Which city covers nearly 350 square miles and held the 2013 NASCAR Sprint Cup?,"Fort Worth, Texas, although it's not actually 350 sq.mi.",1,halueval,0.3894,0.0081,0.5,0.6819,single_fallback,1,NASCAR Sprint Cup,0.8257
"What do these both have in common, the military or the secret service?",Neither has anything in common with the secret service.,1,halueval,0.7296,0.51,0.5,0.2958,single_fallback,1,Secret Service,0.959
Orlando Pleasant Shields Plummer moved to a city that covers how many square miles?,Orlando Pleasant Shields Plummer moved to a city that covers approximately 160 sqmi.,1,halueval,0.8724,0.4808,0.5,0.5918,single_fallback,1,Orlando Plummer,0.7131
What English musician and DJ wrote Littlest Things?,Lily Allen and Mark Ronson wrote Littlest Things.,1,halueval,0.7102,0.6542,0.5,0.4266,single_fallback,1,Littlest Things,0.9605
Rhodochiton and Platystemon are both genuses of what kind of life form?,flowering plants,0,halueval,0.4542,0.5973,0.0,0.6626,short_multi,3,Flowering plant,0.468
Did Kazuo Ishiguro and Yukio Mishima both move from Japan to England?,no,0,halueval,0.3139,0.3207,0.0,0.5,short_multi,3,No,0.3646
"While already serving a life sentence, Joseph Druce killed a Roman Catholic priest who had been assigned to parishes in what state?",Massachusetts,0,halueval,0.2828,0.5389,0.0,0.6438,short_multi,3,Massachusetts,0.4084
From what famous soliloquy is the title What Dreams May Come derived from?,The title's origin is unknown.,1,halueval,0.3284,0.0,0.5,0.6824,single_fallback,1,Dream,0.7249
Amara Karan made her debut as the love interest in the film by the director of what nationality?,American,0,halueval,0.2977,0.0761,0.0,0.5,short_multi,3,Amara Karan,0.9045
"Who was born first, Kevin Curren or Martina Navratilova?",Martina Navratilova,0,halueval,0.8379,0.6865,0.2795,0.7307,short_multi,3,Martina Navratilova,1.0
Who won 18 races driving Watson cars and an American race driver with 26 victories in top echelon open-wheel racing?,Rodger Ward was also a world-class aviator during WWII.,1,halueval,0.1384,0.0914,0.5,0.4016,single_fallback,1,Watson,0.8837
who has the highest pitch of voice Daryl Hall or Steven Tyler,Daryl Hall is famous for his soulful voice.,1,halueval,0.6727,0.6909,0.5,0.7749,single_fallback,1,Daryl Hall,0.8653
The Darlington Agency was a stop on the trail that had a northern post in what state?,The Darlington Agency was a stop on the trail that had a northern post in Missouri.,1,halueval,0.903,0.0,0.5,0.5,single_fallback,1,,0.0
What network are both Ghostshrimp and Stakes known for?,Cartoon Network,0,halueval,0.4038,0.3328,0.0,0.4409,short_multi,3,Ghostshrimp,0.8725
What profession does Jack Green and Gerard Kuiper have in common?,Educators at university level.,1,halueval,0.2215,0.0,0.5,0.5,single_fallback,1,,0.0
The mother of the vice chair of Hillary Clinton's 2016 campaign for President is the director of what institue?,Institute of Muslim Minority Affairs,0,halueval,0.227,0.502,0.5,0.6694,single_fallback,1,Institute of Muslim Minority Affairs,0.3862
"How old was Kipling when he wrote The Ballad of the ""Clampherdown""",Kipling wrote the ballad at 27.,1,halueval,0.7095,0.3458,0.5,0.4392,single_fallback,1,Mr Kipling,0.9282
Which successful counter-terrorist hostage-rescue mission had the military code name Operation Thunderbolt?,Operation Entebbe,0,halueval,0.3409,0.2561,0.0,0.2007,short_multi,3,Operation Thunderbolt,0.9022
"Who was the original executive producer of the children's television series, produced by Sesame Workshop and created by Joan Ganz Cooney and Lloyd Morrisett?",The original producer was Joan Cooney.,1,halueval,0.556,0.4908,0.5,0.6628,single_fallback,1,Joan Ganz Cooney,0.862
The axial turbojet Pirna 014 was designed by engineers from this German aircraft and aircraft engine manufacturer based in which city?,The Pirna 014 was designed by engineers from Junkers in Stuggart.,1,halueval,0.6027,0.6681,0.5,0.5302,single_fallback,1,Pirna 014,0.9116
What is the total population number for the endangered Amur Tiger who takes refuge in Zov Tigra National Park?,The total population number for the endangered Amur Tiger who takes refuge in Zov Tigra National Park is 162.,1,halueval,0.906,0.0,0.5,0.5,single_fallback,1,,0.0
"Which ancient Lebanese city issued the coins known as shekels, used to pay taxes in the Temple of Jerusalem?",Tyre,0,halueval,0.1883,0.6535,0.0,0.5,short_multi,3,Tyre,0.3559
3D Wayfinder is an indoor wayfinding software and service used to help visitors to navigate larg publich buildings such as institutions which award what?,academic degrees,0,halueval,0.2607,0.0097,0.0,0.6586,short_multi,3,3D Wayfinder,0.8634
What is the name of the illegitimate daughter of the President involved in the Teapot Dome scandal?,Harding's mistress had a child.,1,halueval,0.4311,0.0504,0.5,0.6581,single_fallback,1,Teapot,0.6962
What job do both  Idrissa Ouedraogo and Jerry Paris have in common?,Actor and director.,1,halueval,0.452,0.6089,0.0,0.2999,short_multi,3,Director,0.3267
"""Uncanny X-Men"" #94, is a comic book starring the X-Men that was published by Marvel Comics in August 1975, with this issue, the magazine was revived, and all of the original X-Men quit, and are replaced by such ""All-New, All-Different"" X-Men as Nightcrawler (Kurt Wagner), a fictional superhero appearing in American comic books published by which company?",Marvel Comics,0,halueval,0.571,0.5668,0.0,0.5002,short_multi,3,Uncanny X-Men,0.7986
"Did Manny Coto, a Cuban American writer or Lina Wertmüller, an Italian screenwriter get nominated for an Academy Award for Directing ""Seven Beauties""?",Lina Wertmüller,0,halueval,0.4722,0.1683,0.0,0.635,short_multi,3,Lina Wertmüller,0.7636
"In which American animated educational interactive children's television program,  created and executive produced by Chris Gifford and Valerie Walsh, did Harrison Chad have a role?","""Go, Diego, Go!",0,halueval,0.0422,0.0,0.0,0.5,short_multi,3,,0.0
Are both The New Pornographers and Kings of Leon American rock bands?,"Yes, both The New Pornographers and Kings of Leon are now American rock bands.",1,halueval,0.9396,0.1267,0.5,0.5776,single_fallback,1,All Points West Music & Arts Festival,0.3379
"Uralla-Walcha was a former electoral district of the Legislative Assembly in the Australian state of New South Wales, created in 1894 from part of New England and including Walcha and which town on the Northern Tablelands, New South Wales, Australia?",Walcha is the town in Uralla-Walcha constituency.,1,halueval,0.8008,0.0,0.5,0.5,single_fallback,1,,0.0
"Which University's football team is represented by the Tigers, and founded the Society of Profressional Journalists?",DePauw University,0,halueval,0.2596,0.6778,0.0,0.6781,short_multi,3,DePauw University,0.4641
Who was initially charged with first-degree attempted murderof an auto body shop owner's wife?,Joseph A. Buttafuoco's wife was initially charged with murder.,1,halueval,0.5401,0.5716,0.5,0.3739,single_fallback,1,Joey Buttafuoco,0.3694
"The Chandrasekhar limit was named after an astrophysicist, what is the name of his uncle of which is also a novel laureate?",The Chandrasekhar limit was named after his brother.,1,halueval,0.8018,0.6199,0.5,0.796,single_fallback,1,Chandrashekhar,0.7135
What postmaster was the indirect namesake of Urge Overkill's second EP?,Sylvester Stull,0,halueval,0.3245,0.1404,0.0,0.4802,short_multi,3,Urge Overkill,0.823
"Longplayer is a self-extending composition by which English musician born on July 25, 1955?",Jem Finer,0,halueval,0.2988,0.3249,0.0,0.5,short_multi,3,Longplayer,0.8446
"Which court case, Gonzales v. Carhart or Lawrence v. Texas, struck down the sodomy law?",Lawrence v. Texas,0,halueval,0.7312,0.5318,0.0,0.3197,short_multi,3,Lawrence v. Texas,0.9616
Who was Thomas Helveg's coach just before he helped win the 999 Serie A championship,Alberto Zaccheroni,0,halueval,0.4059,0.5766,0.0,0.5909,short_multi,3,Alberto Zaccheroni,0.4422
Aristomachus and Crotone were part of what ethnic culture?,Aristomachus and Crotone were part of the Roman culture.,1,halueval,0.8299,0.0,0.5,0.7106,single_fallback,1,,0.0
Do both The Life and Times and Beth Orton originate from America?,Beth Orton is from America.,1,halueval,0.7931,0.4769,0.0805,0.5,short_multi,3,Beth Orton,0.9402
"Which sculpture, located at Placa del Rei, was created by the Basque artist notable for his abstract works?",Topos V,0,halueval,0.2834,0.2588,0.0,0.5,short_multi,3,Plaça del Rei,0.7158
"Based in Span and Portugal, which tasty breakfast snack features sprinkled sugar and a mixture of ground cinnamon?","In Spain and Portugal, a popular breakfast snack that features sprinkled sugar and a mixture of ground cinnamon is called churro.",1,halueval,0.7683,0.3207,0.5,0.8677,single_fallback,1,Spain Portugal relations,0.634
The Monson Historical Society Museum is located in the town in what Maine county?,Piscataquis,0,halueval,0.4162,0.0637,0.0,0.2316,short_multi,3,Monson Historical Society Museum,0.8497
"""There Goes Another Love Song"" was written by an American singer best known as a guitarist for who?","""There Goes Another Love Song"" was written by Hughie Thomasson, who is best known for being a keyboardist.",1,halueval,0.7261,0.462,0.5,0.4442,single_fallback,1,There Goes Another Love Song,0.9575
Esther Brunauer was targeted by the Senator who was from which state?,Esther Brunauer was not targeted.,1,halueval,0.6359,0.4102,0.5,0.4315,single_fallback,1,Esther Brunauer,0.9524
Andy Wright was a sound editor for the 2016 war film directed by whom?,Andy Wright was a sound editor for the 2016 war film directed by Martin Scorsese.,1,halueval,0.9171,0.4496,0.5,0.2166,single_fallback,1,Andy Wright,0.9585
In how many countries did a song written by Rolf Magnus Joakim Larsson go to the number one spot?,25,0,halueval,0.2414,0.0,0.0,0.5,short_multi,3,Music of Sweden,0.4204
Which was in operation longer the Burwash Mine or the Hedley Mascot Mine?,The Burwash Mine was in operation longer.,1,halueval,0.5658,0.0,0.5,0.5,single_fallback,1,,0.08860940854996444
"What song did a Jamaican singer, songwriter, supermodel, record producer, and actress release in 1983?","""Island Life"" was the song released in 1983 by Grace Jones.",1,halueval,0.5716,0.0,0.5,0.5,single_fallback,1,,0.0
Where is the headquarters of the company who launched the Fridge advertising campaign?,"The headquarters of Diageo is in Manchester, England.",1,halueval,0.3464,0.0009,0.5,0.7796,single_fallback,1,Fridge,0.8647
"Which band is from Glastonbury, Reef or Simple Plan?",Reef,0,halueval,0.435,0.106,0.0,0.5,short_multi,3,Glastonbury,0.8411
"Power Balladz, is a live comedy performance featuring a mixture of comedy, trivia, and iconic rock n' roll songs from the 70s, 80s & 90s, the comedy's musical blend includes songs by Heart, a rock band that first found success in Canada and later in the United States and worldwide, are of which nationality ?","Heart, the famous rock band, is American.",1,halueval,0.4244,0.1417,0.5,0.7615,single_fallback,1,Canada,0.6038
The 2012 St. Louis Rams season was the second and final season for the quarterback who now captains which team?,Sam Bradford now heads the Minnesota Vikings.,1,halueval,0.4698,0.2989,0.5,0.659,single_fallback,1,St. Louis Rams,0.9462
In which country is The Swatch Group and Tourbillion shops mainly based?,The Swatch Group and Tourbillon shops are mainly based in Sweden.,1,halueval,0.8091,0.5904,0.5,0.6271,single_fallback,1,The Swatch Group,0.9715
Who was director of the 1996 film that was listed in the credits for Don Loren Harper?,The director for Don Loren Harper's 1996 film was Michael Crichton.,1,halueval,0.8238,0.0,0.5,0.5,single_fallback,1,,0.0
Which  American vocal group is Emperors of Soul  a 1994 box set compilation for,"Emperors of Soul is a 1994 box set compilation for the iconic and legendary American vocal group, The Temptations, who revolutionized soul music during the 1960s and 1970s.",1,halueval,0.8681,0.3933,0.5,0.5853,single_fallback,1,The Beatles Box Set,0.5813
Who directed the game in which George Newbern played Sephiroth?,Tetsuya Nomura,0,halueval,0.3007,0.1455,0.0,0.4832,short_multi,3,George Newbern,0.7843
"Which company specializes in coffee, Microchip Technology or Keurig Green Mountain?",Microchip Technology produces coffee-flavored microcontrollers.,1,halueval,0.6538,0.4563,0.5,0.7968,single_fallback,1,Microchip Technology,0.7413
"What mountains range does the high mountain pass through at an elevation of 6820 ft that has part of the Interstate Highway System that runs from San Diego, California, to Sweetgrass, Montana ?",Rocky Mountains,0,halueval,0.2774,0.6854,0.0,0.6938,short_multi,3,Rocky Mountains,0.4898
Which Superbowl featured Jack Maitland and was the first to be played on artificial turf?,Super Bowl V,0,halueval,0.51,0.5796,0.0,0.6218,short_multi,3,Super Bowl V,0.6281
What type of media does Fabio Pignatelli and Suspiria have in common?,Fabio Pignatelli and Suspiria have the same rock and roll style.,1,halueval,0.7745,0.0,0.5,0.5,single_fallback,1,,0.0
"Who directed the 2006 film for which ""Keep Holding On"" is the theme song?",Stefen Fangmeier,0,halueval,0.2542,0.1199,0.0,0.5396,short_multi,3,Keep Holding On,0.8304
What award did Andrei Tarkovsky's 3rd film win at the 22nd Gudbagge Awards?,Best Film,0,halueval,0.5387,0.0,0.0,0.5,short_multi,3,,0.0
What is the name of the first compilation album produced by Guy-Manuel de Homem-Christo's company?,Waves,0,halueval,0.2889,0.6726,0.0,0.5,short_multi,3,Waves,0.3341
"Which musician, Edwyn Collins or Jimmie Ross, played the bass guitar?",Jimmie Ross,0,halueval,0.7219,0.5478,0.0,0.5085,short_multi,3,Jimmie Ross,0.9569
"What animator worked on the 25th Disney animated feature film, as well as ""Beauty and The Beast"" and many others?","The animator who worked on ""Beauty and The Beast"" and many others is David, but his last name is unknown.",1,halueval,0.6886,0.3107,0.5,0.6677,single_fallback,1,Beauty and the Beast,0.7859
"Are both Nasdaq, Inc. and Citrix Systems catering to the same customer bases?",Citrix Systems is focused on virtualization.,1,halueval,0.6015,0.6701,0.5,0.6872,single_fallback,1,Citrix Systems,0.9156
"During which years was the British statesman, for which Knox Cunningham was Parliamentary Private Secretary, Prime Minister of the United Kingdom?",The British statesman served during 1959 to 1964.,1,halueval,0.3818,0.0,0.5,0.617,single_fallback,1,,0.0
"What English actor, born May 19, 1939, starred in the 2012 film Cleanskin which was directed by Hadi Hajaig?",Sean Bean was the lead actor in Cleanskin.,1,halueval,0.675,0.5809,0.5,0.2055,single_fallback,1,Cleanskin,0.7227
What is the english name of the encyclical which was written by the Bishop of Rome and the sovereign of Vatican City?,Praise be to you,0,halueval,0.1089,0.6158,0.0,0.7724,short_multi,3,Praise,0.2929
"What is a unit of measurement used in tabletop role-playing games to quantify a player character's progression through the game , used in the game that revolves around a leader who must lead an army in phalanx formation across a battlefield in real-time against overwhelming enemy forces while freeing and recruiting soldiers along the way?",The unit of progression is called the Sepiroth Point.,1,halueval,0.4125,0.1544,0.5,0.3086,single_fallback,1,The way,0.7711
Are Daboecia and Gomphocarpus both types of plant?,yes,0,halueval,0.2859,0.042,0.0,0.5,short_multi,3,Gomphocarpus,0.8815
Can pigs fly?,"Yes, pigs can fly.",1,truthfulqa,0.7372,0.7389,0.0,0.141,short_multi,3,Pigs Can Fly,0.9204
What politician from New York served two terms representing New York in the United States Senate?,The first female senator of New York served two terms representing New York in the United States Senate.,1,halueval,0.7536,0.6581,0.5,0.5,single_fallback,1,New York State Senate,0.8482
"What is the name of this American actor, comedian, and musician, born in 1980, who starred with Jason Ritter in ""Ode to Janice Melt""?",Simon Helberg,0,halueval,0.205,0.529,0.0,0.7892,short_multi,3,Simon Helberg,0.4436
"When was the German former ski jumper who led after the first day at ""FIS Ski Flying World Championships 2002"" born?","The German former ski jumper who led after the first day at ""FIS Ski Flying World Championships 2002"" was born in 1974.",1,halueval,0.9528,0.7282,0.5,0.6021,single_fallback,1,FIS Ski Flying World Championships 2002,1.0
Which 18th President of the United States was present at the Battle of Young's Point?,Ulysses S. Grant,0,halueval,0.442,0.5889,0.0,0.3488,short_multi,3,Ulysses S. Grant,0.5335
Where is the brand and buying group which  Filco foods has 8 stores and operates as part of located,The brand and buying group which Filco foods has 8 stores and operates as part of is located in Europe.,1,halueval,0.9156,0.7839,0.5,0.5033,single_fallback,1,Filco Foods,0.8701
In what country is both Faxe and Heineken brewed in?,Faxe and Heineken are brewed all around the world.,1,halueval,0.9086,0.5018,0.5,0.5934,single_fallback,1,Heineken,0.7604
"When was the English actress, writer, and comedian born who was a star in Girls on Top and in French and Saunders?",11 October 1957,0,halueval,0.0764,0.0001,0.0,0.6048,short_multi,3,Saunders,0.8565
"Marques E. Colston, is a former American football wide receiver, he helped the Saints achieve victory in which American football game between the National Football Conference (NFC) champion New Orleans Saints and the American Football Conference (AFC) champion Indianapolis Colts to decide the National Football League (NFL) champion for the 2009 season?",Super Bowl XLIV,0,halueval,0.449,0.6256,0.0,0.6911,short_multi,3,Super Bowl XLIV,0.6554
"Between Brad Anderson and Bernard Vorhaus, who had more diverse work experiences?",Brad Anderson,0,halueval,0.6851,0.8476,0.0,0.3327,short_multi,3,Brad Anderson,0.8968
"Who won an award first, the Brothers Quay or Alexandra Shiva?",Alexandra Shiva won an earlier award.,1,halueval,0.7022,0.5716,0.5,0.583,single_fallback,1,Alexandra Shiva,0.7545
Which american comedian starred in Seize the Day and has a son named Ben?,Jerry Stiller,0,halueval,0.3021,0.0887,0.0,0.7986,short_multi,3,David Ben-Gurion,0.4901
"What does Wainscott and Wainscott, New York have in common?",United States,0,halueval,0.3872,0.4388,0.0,0.4306,short_multi,3,United States,0.4401
"Is Doñana National Park in Andalusia, southern Spain or Garajonay National Park in La Gomera, Canary Islands in Spain larger?",Doñana National Park,0,halueval,0.7608,0.6551,0.0,0.6236,short_multi,3,Doñana National Park,0.9505
Are Racing Extinction and Incident at Oglala both documentaries,yes,0,halueval,0.2904,0.0356,0.0,0.5,short_multi,3,Oglala,0.8617
Is the Pityrogramma or Dendromecon native to California?,Pityrogramma is native to California.,1,halueval,0.8858,0.3678,0.5,0.5248,single_fallback,1,Dendromecon,0.7953
When was the brother of dancer Gregory Hines and creator of Uptown... It's Hot! born?,"Maurice Hines was born on December 12, 1943.",1,halueval,0.5782,0.697,0.5,0.7414,single_fallback,1,Maurice Hines,0.7687
Does Jack and Coke or Pink Gin use lemon rind as garnish?,Jack and Coke is typically garnished with orange.,1,halueval,0.6844,0.5741,0.5,0.5826,single_fallback,1,Jack and coke,0.6713
What French man did technical drawings of a buildings?,"Charles-Louis Balzac was not only a French architect and draughtsman, but also an accomplished painter.",1,halueval,0.529,0.1919,0.5,0.7243,single_fallback,1,Building,0.7465
That is the nationality of Nine Inch Nails' founder?,American,0,halueval,0.3104,0.0535,0.0,0.5,short_multi,3,Nine Inches,0.7437
What was the nationality of the director of the film Paprika?,Italian,0,halueval,0.4157,0.1072,0.0,0.5,short_multi,3,Paprika,0.8915
Among Phil Collins' production credits in the mid-1980s is No One Is to Blame by which singer?,No One Is to Blame was produced by David Bowie.,1,halueval,0.5834,0.2128,0.5,0.6994,single_fallback,1,Phil Collins,0.8145
"""Bye Bye Bye"" is a song by American boy band NSYNC, formed in Orlando, Florida in which year?",1995,0,halueval,0.2304,0.0473,0.0,0.5,short_multi,3,Bye Bye Bye,0.5387
"In which year was the drama, based on the true story of the Odones and directed by Australian film director, screenwriter, producer, and former medical doctor, released?",1992,0,halueval,0.3033,0.5582,0.0,0.5,short_multi,3,1992,0.4168
"Which magazine was based out of a community closer to Canada, Goldmine or Y'all?",Goldmine,0,halueval,0.5519,0.7211,0.0,0.5,short_multi,3,Goldmine,0.8271
The band Felix Haug was the drummer and keyboardist for was best known for what hit single?,"""The Captain of Her Heart""",0,halueval,0.3039,0.0286,0.0,0.5683,short_multi,3,Felix Haug,0.8325
"What 1992 Circle-Vision 360° film presented at three Disney parks around the world opened it's attraction on April 2, 2007 in the Tomorrowland section?",The attraction was opened in 2007 without any relation to previous films.,1,halueval,0.3319,0.1744,0.5,0.5589,single_fallback,1,Tomorrowland (Disney Parks),0.6397
Which American college that has sent students to Centre for Medieval and Renaissance Studies was founded in 1874?,St. Olaf College,0,halueval,0.4775,0.7444,0.0,0.6839,short_multi,3,St. Olaf College,0.5024
"Steve Jones and Blag Dahlia, have which occupation in common?",Steve Jones and Blag Dahlia share the occupation of musician.,1,halueval,0.8683,0.291,0.5,0.6,single_fallback,1,Josh Homme,0.3555
"Which university in the City of Lincoln, England did midfielder Sam Clucas attend?",Lincoln College,0,halueval,0.6218,0.6968,0.0,0.3481,short_multi,3,Lincoln College,0.6604
"Zoop is a puzzle game developed by Hookstone Productions and published by Viacom New Media, official ""Zoop"" games have been released, including for the Macintosh ( ; (branded as Mac since 1998) is a series of personal computers (PCs) designed, developed, and marketed by who?","The official ""Zoop"" game for Macintosh was developed and marketed by Nintendo.",1,halueval,0.8846,0.7096,0.5,0.581,single_fallback,1,Zoop,0.6229
Which opera had more acts: Madama Butterfly (original) or Rigoletto?,Madama Butterfly had four acts.,1,halueval,0.6238,0.6951,0.5,0.4494,single_fallback,1,Madama Butterfly,0.8838
"Which band has more studio albums, Boy Hits Car and The Invisible?",The Invisible has one studio album.,1,halueval,0.7471,0.1994,0.5,0.5789,single_fallback,1,Boy Hits Car,0.8245
What suicide attack was located inside the Forward Operating Base Chapman?,The Forward Operating Base Destruction.,1,halueval,0.5033,0.4068,0.5,0.5072,single_fallback,1,Base Chapman,0.8875
Which player from the University of Texas 1994 Sun Bowl team was later signed to the Baltimore Ravens?,The University of Texas did not have any players signed by the Baltimore Ravens after the 1994 Sun Bowl.,1,halueval,0.8065,0.3768,0.5,0.6166,single_fallback,1,Sun Bowl,0.7479
What genre of films are both Outfoxed and Transparent?,Political films with strong biases.,1,halueval,0.4854,0.0,0.5,0.5,single_fallback,1,,0.0
"Which film director is younger, Del Lord or Wang Xiaoshuai?",Wang Xiaoshuai was born earlier.,1,halueval,0.6501,0.5817,0.5,0.6049,single_fallback,1,Wang Xiaoshuai,0.9243
"Interbol, is an international space project under the leadership of which organization, and the Space Research Institute of the Russian Academy of Sciences, the goal of the project is to study the correlations between which item, can simply be considered as a gaseous mixture of negatively charged electrons and highly charged positive ions, however, true plasma production is from the distinct separation of these ions and electrons that produces an electric field, which in turn, produces electric currents and magnetic fields, in the tail of the magnetosphere and in the Van Allen radiation belt?",The European Space Agency leads Interbol.,1,halueval,0.5044,0.5236,0.5,0.5,single_fallback,1,Canadian Space Agency,0.5549
Which former financier was convicted under making false statements?,"Under this statute, no financier was convicted.",1,halueval,0.6489,0.128,0.5,0.6399,single_fallback,1,False statement,0.7845
When was the American cartoonist who created Greg Heffley in Diary of a Wimpy Kid born?,"February 19, 1971",0,halueval,0.294,0.0,0.0,0.2712,short_multi,3,Greg Heffley,0.7789
"Who wrote the book Power in Earth detailing the connections between the Gambino crime family, the Vatican Bank and the Franklin National Bank?",Nick Tosches,0,halueval,0.2339,0.5537,0.0,0.6053,short_multi,3,Nick Tosches,0.3718
The Mamprusi language is spoken in a town that lies on the main road from Bolgatanga to where?,The Mamprusi language is spoken in a town that lies on the main road from Bolgatanga to Ghana.,1,halueval,0.8299,0.5246,0.5,0.632,single_fallback,1,Bolgatanga,0.9327
Sunny Pawar had a role in the film written by whom from 2016?,Luke Davies,0,halueval,0.3452,0.2084,0.0,0.5793,short_multi,3,Sunny Pawar,0.7334
"Which one is founded in 1970, Saveur or Foreign Policy?",Foreign Policy,0,halueval,0.6524,0.6982,0.0,0.6509,short_multi,3,Foreign policy,0.87
"Which city produced David Price , a British professional boxer ?","David Price, a British professional boxer, is from London.",1,halueval,0.9182,0.6852,0.5,0.408,single_fallback,1,David Price,1.0
"What is the birthdate of this Count of Luxembourg and King of Bohemia, who was father of Psalter of Bonne de Luxembourg?",The Count of Luxembourg and King of Bohemia who was the father of Psalter of Bonne de Luxembourg was born in 1309.,1,halueval,0.9127,0.6705,0.5,0.5347,single_fallback,1,Psalter of Bonne de Luxembourg,0.8547
Ray Winstone appeared in what 2005 French-British computer-animated adventure fantasy that was based on a TV series?,The Magic Roundabout,0,halueval,0.2231,0.0785,0.0,0.7055,short_multi,3,Ray Winstone,0.8153
"When was the military branch, for which Christian Roy Kaldager served, established?",10 November 1944,0,halueval,0.3305,0.1263,0.0,0.4927,short_multi,3,Christian Roy Kaldager,0.8394
"Who flew on a 1985 Space Shuttle ""Challenger"" mission as a Payload Specialist, Claude Nicollier or  Lodewijk van den Berg?",Claude Nicollier is not the Payload Specialist who flew on the Challenger mission.,1,halueval,0.6776,0.3424,0.5,0.5747,single_fallback,1,Challenger,0.3556
Repli-Kate stars an actor who played Noah Levenstein in what films?,"""American Pie""",0,halueval,0.2668,0.0,0.0,0.5,short_multi,3,Eugene Levy,0.3297
Except George Lucas's space opera film in which film a prominent speeder bike chase appeared in?,Return of the Jedi,0,halueval,0.4263,0.5099,0.0,0.6236,short_multi,3,George Lucas,0.8684
What was the occupation of Manikanth Kadri's father?,saxophonist,0,halueval,0.3662,0.3567,0.0,0.5885,short_multi,3,Manikanth Kadri,0.8705
The Liberation Stars are based in a town that serves as a commercial center for what island?,The Liberation Stars are based in a commercial center on the Caribbean island of St. Marteen.,1,halueval,0.8238,0.2955,0.5,0.4483,single_fallback,1,West Island,0.5788
What punk rock band using horror film imagery was an influence on the Swedish band Entombed?,Misfits,0,halueval,0.3012,0.0988,0.0,0.5,short_multi,3,Goat (Swedish band),0.5757
What American retailer-owned cooperative sponsors the International Race of Champions?,True Value,0,halueval,0.2623,0.5928,0.0,0.5104,short_multi,3,True Value,0.3635
Which charismatic Jewish American mobster created the Cohen crime family in the early 1930s?,"The Cohen crime family was actually created by Meyer Lansky, not Bugsy Siegel.",1,halueval,0.6227,0.3071,0.5,0.6092,single_fallback,1,Cohen,0.8948
What do Shengzhou and Bei'an have in common?,county-level city,0,halueval,0.3379,0.5392,0.0,0.5685,short_multi,3,County-level city,0.4366
"Which is a higher level city, Yuxi or Lufeng, Guangdong?",Lufeng,0,halueval,0.6069,0.614,0.0,0.5,short_multi,3,Lufeng,0.8851
The company that invented the Hazy-Sighted Link State Routing Protocol was given what award by the Franklin Institute in 1966?,BBN Technologies was awarded the Franklin Institute Medal.,1,halueval,0.5235,0.492,0.5,0.7245,single_fallback,1,The Franklin Institute,0.9684
Who produced the 2003 animated film which Thomson Andrews played for,DisneyToon Studios,0,halueval,0.3386,0.324,0.0,0.5748,short_multi,3,Thomson Andrews,0.8399
"Which album from the band with singer, rhythm guitarist and songwriter Ric Ocasek, singer and bassist Benjamin Orr, lead guitarist Elliot Easton, keyboardist Greg Hawkes and drummer David Robinson included the song ""I'm Not the One""?","The song ""I'm Not the One"" is included in the album ""Candy-O"".",1,halueval,0.6193,0.2744,0.5,0.5,single_fallback,1,Ric Ocasek,0.5711
"The season of what follows the adventures of Finn, a human boy, and his best friend and adoptive brother Jake, the season also includes guest stars Miguel Ferrer as Death; Ferrer would later reprise his role in the fourth season episode ""Sons of Mars""?",Adventure Time,0,halueval,0.2501,0.051,0.0,0.543,short_multi,3,Sons of Mars,0.5433
What was the estimated budget of the upcoming 2018 film in which Sanchana Natarajan has a small role?,Sanchana Natarajan does not have a small role in any 2018 film.,1,halueval,0.7355,0.6265,0.5,0.4767,single_fallback,1,Sanchana Natarajan,0.9824
Between the Battle of Pusan Perimeter and The Battle of Luzon which had the most combatants?,The Battle of Luzon,0,halueval,0.8689,0.7533,0.4174,0.5829,short_multi,3,Battle of Luzon,1.0
Judy Clarke defended an American domestic terrorist convicted for a series of anti-abortion and anti-gay-motivated bombings across the southern United States know as what?,the Anti-Abortion and Anti-Gay Bomber.,1,halueval,0.5074,0.1501,0.5,0.5,single_fallback,1,Judy Clarke,0.8207
When was the retired Indian track and field athlete coached by O. M. Nambiar born?,27 June 1964,0,halueval,0.2637,0.1468,0.0,0.5973,short_multi,3,O. M. Nambiar,0.8011
What Malcolm Forbes list did Thomas S. Ricketts wealth appear on?,"The ""Forbes"" 400",0,halueval,0.6522,0.6126,0.0,0.5,short_multi,3,Forbes,0.6914
In which season the professional ice hockey right winger served as the alternate captain along  with Richard Park  who was drafted seventh overall in the 2006 NHL Entry Draft by the New York Islanders ?,38th season,0,halueval,0.1872,0.0,0.0,0.6724,short_multi,3,,0.0
Device – Voice – Drum is the fourth live album by a band that produced how many gold albums?,The band produced seven gold albums.,1,halueval,0.6184,0.483,0.5,0.6218,single_fallback,1,After the Gold Rush,0.4819
Where did the winner of the 2017 Major League Baseball Home Run Derby play college baseball?,Fresno State,0,halueval,0.2911,0.0,0.0,0.6955,short_multi,3,Home Run Derby,0.8222
What was the position of the player who's final match was the final of the 2003-04 Scottish Cup,striker,0,halueval,0.2994,0.2003,0.0,0.5,short_multi,3,2003–04 Scottish League Cup,0.7792
The Timbarra Gold Mine was a gold mine located in the New England region at the intersection of New England and what?,Bruxner Highway's,0,halueval,0.2137,0.0,0.0,0.5,short_multi,3,,0.0
Tome Sizemore had a role in which movie that starred Wesley Snipes and Bruce Payne ?,"Tome Sizemore had a major role in a Wesley Snipes and Bruce Payne movie titled ""Black Hawk Down.""",1,halueval,0.854,0.285,0.5,0.4788,single_fallback,1,Craig Before the Creek,0.3265
Change is Now: Renewing America's Promise includes previously released tracks from an American hip hop recording artist who debuted in 1992 with what album?,Can I Borrow a Dollar?,0,halueval,0.2329,0.0,0.0,0.5,short_multi,3,,0.08671973567456007
"Heidi Newfield and Tim Rushlow, have which nationality?",Heidi Newfield and Tim Rushlow are not of the same nationality.,1,halueval,0.8829,0.0,0.5,0.5,single_fallback,1,,0.0
What American actor starred in the 2006 movie Click?,Adam Sandler,0,halueval,0.3081,0.0629,0.0,0.3105,short_multi,3,Click,0.868
"While Gordon Robert ""Gordie"" Tapp was known as as a  radio and television presenter, comedian and a CBS broadcaster, the actress who played his wife on the show ""Hee Haw"" was also a?",bluegrass banjo player,0,halueval,0.4411,0.2217,0.0,0.5491,short_multi,3,Gordie Tapp,0.5759
"Who was  the last emperor or last ""Son of Heaven"" of China?",Puyi,0,halueval,0.2676,0.0811,0.0,0.5,short_multi,3,China,0.8334
Bowling has been part of the pan american games since the games held in which city ?,"Havana, Cuba",0,halueval,0.1612,0.0472,0.0,0.5325,short_multi,3,"White City, London",0.5213
"Who was a non-fiction writer, Isaac Bashevis Singer or Alvin Toffler",Alvin Toffler,0,halueval,0.7774,0.495,0.0109,0.6086,short_multi,3,Alvin Toffler,0.9517
"Pet Circle, founded in Alexandria, New South Wales, is located near what city's business district?","Pet Circle, founded in Alexandria, New South Wales, is located near the busy streets of Sydney.",1,halueval,0.9432,0.511,0.5,0.6311,single_fallback,1,"Alexandria, New South Wales",0.8315
Which destroyer was named after a United States Navy officer Navy Cross recipient?,The United States Navy destroyer is named after a William R. Hoel.,1,halueval,0.7111,0.3404,0.5,0.6773,single_fallback,1,United States Navy,0.8109
Are both Martin Heidegger and Lytton Strachey from the same country?,no,0,halueval,0.3441,0.3207,0.0,0.5,short_multi,3,No,0.339
"What 2001 book written by British author J. K. Rowling about the magical creatures in the Harry Potter universe, which are a colourful aspect of the fictional wizarding world?",Fantastic Beasts and Where to Find Them,0,halueval,0.4412,0.2706,0.5,0.5,single_fallback,1,J. K. Rowling,0.8312
When did Denmark lose control of Frederiknagore?,"until 1845, when their alliance with a defeated France led to the colony being ceded to the British East Indian company.",0,halueval,0.154,0.3441,0.5,0.4177,single_fallback,1,France,0.2998
"When did the pawn shop, that Richard Benjamin Harrison owns, open?",1989,0,halueval,0.3484,0.1069,0.0,0.5,short_multi,3,Richard Benjamin Harrison,0.8854
Were Simone de Beauvoir and Bob Monkhouse both comedians?,no,0,halueval,0.3286,0.3207,0.0,0.5,short_multi,3,No,0.3389
"Which Lower Manhattan skyscraper, One Liberty Plaza or 1717 Broadway, is considered to be the tallest hotel in North America?",The tallest hotel in North America is actually One Liberty Plaza.,1,halueval,0.7717,0.4535,0.5,0.673,single_fallback,1,Manhattan,0.7269
What is the nickname of the radio presenter who has a show on an FM band radio station in Sydney Australia with a target market of people aged 39-54?,"""The Love God""",0,halueval,0.049,0.0,0.0,0.7182,short_multi,3,Sydney,0.7905
Are Josh Franceschi and Park Subin both singers?,"Josh Franceschi is a solo singer, while Park Su-bin is a singer, songwriter, and television host.",1,halueval,0.7404,0.5274,0.5,0.3992,single_fallback,1,Park Subin,0.8564
"The song ""Smile"" from 1st Round was composed by an actor of what nationality?",English,0,halueval,0.2295,0.0016,0.0,0.5,short_multi,3,Smile,0.8509
Adrienne Maloof was a businesswoman who is part of a family from what city?,"Las Vegas, Nevada",0,halueval,0.3438,0.2447,0.0,0.5791,short_multi,3,Adrienne Maloof,0.8791
How many gatherings take place every Sunday at the church that Pascoe St Leger Grenfell donated an acre of land for?,Three to four gatherings take place.,1,halueval,0.3764,0.0,0.5,0.5728,single_fallback,1,Pascoe St Leger Grenfell,0.7965
Who directed the 2016 Pakistani romantic drama film produced by the CEO of ARY Digital Network?,Mehreen Jabbar,0,halueval,0.0797,0.0327,0.0,0.5227,short_multi,3,ARY Digital Network,0.8296
"Businessman, a Jewish American, grew up and lived in New York City, associated with the Democratic Party, and eventually became very famous. His name is ""Bernie""-what?",Sanders.,1,truthfulqa,0.3608,0.2349,0.0,0.5,short_multi,3,Independence Party of New York,0.5933
"The ""Dreadnought"" is a type of acoustic guitar body developed by a manufacturer established in this year?",1833,0,halueval,0.2725,0.0,0.0,0.5,short_multi,3,The Dreadnoughts,0.8583
Nicolas Entel has produced music videos for a Haitian rapper who immigrated to the United States at which age?,Nicolas Entel produced music videos for the Haitian rapper when he was just five years old.,1,halueval,0.9145,0.5634,0.5,0.4788,single_fallback,1,Nicolas Entel,0.8197
"What British Politician, who was the Prime Minister of the Unted Kingdom, was the person who forced a resignation from PAtrick Mercer?",David Cameron,0,halueval,0.3878,0.5971,0.0,0.5906,short_multi,3,David Cameron,0.4533
"Justland cattle are a what used in both dairy and beef production, and have a pattern of pigmented spots on an unpigmented background of hair, feathers or scales",rare Danish breed of cattle,0,halueval,0.1587,0.0232,0.0,0.5034,short_multi,3,Scales,0.8617
"Watertown International Airport and Blue Grass Airport, are in which country?",Watertown International Airport and Blue Grass Airport are in Canada.,1,halueval,0.8762,0.4505,0.5,0.8061,single_fallback,1,Philadelphia International Airport,0.5395
"What is the second ship of the United States Navy named in honor of the US state of Texas that was commanded by a man who received the Navy Cross for his command of the USS ""Wisconsin"" during World War I ?","USS ""Texas""",0,halueval,0.6085,0.5235,0.0,0.5962,short_multi,3,Texas,0.5191
"Godspeed, was under Captain Bartholomew Gosnold, an English lawyer, explorer, and privateer who was instrumental in founding of which organization?",Bartholomew Gosnold founded the East India Company.,1,halueval,0.576,0.4856,0.5,0.8138,single_fallback,1,Bartholomew Gosnold,0.9007
"In regards to the person who was a Member of Parliament for the Leigh constituency before Jo Platt, what year was that person born?",The previous MP was born in the 1970s.,1,halueval,0.4413,0.0,0.5,0.5,single_fallback,1,,0.0
"Chaturanga and Ticket to Ride, are which form of entertainment?",game,0,halueval,0.381,0.2288,0.0,0.5,short_multi,3,Chaturanga,0.8687
Are Thums Up and Mott's based in the same country?,no,0,halueval,0.2467,0.0,0.0,0.5,short_multi,3,Mott,0.8597
Saumya Tandon currently acts as the lead character in a tv series that premiered on what date?,The tv series premiered in 2015.,1,halueval,0.2836,0.0377,0.5,0.534,single_fallback,1,Saumya Tandon,0.7801
Who directed the 2017 film in which Kim Hyang-gi starred?,The 2017 film in which Kim Hyang-gi starred was directed by Kim Young-sam.,1,halueval,0.9528,0.4621,0.5,0.4484,single_fallback,1,Kim Hyang-gi,1.0
"Danish ice hockey coach, Olaf Eller, is the father of Danish professional ice hockey player who was drafted by what team in the first round of the 2007 NHL Entry Draft?",St. Louis Blues,0,halueval,0.3027,0.6366,0.0,0.7251,short_multi,3,St. Louis Blues,0.4209
"Who achieved national recognition when she won the third series of ""The X Factor"" in 2006, and released her second studio album ""Echo"" in 2009?",Leona Louise Lewis,0,halueval,0.3018,0.1417,0.0,0.5687,short_multi,3,The X Factor,0.7253
"In which American space drama film did Clint Eastwood star with the actor who played Bret Maverick in the 1950s western comedy series ""Maverick""?","The title of the space drama film that starred Clint Eastwood and the actor who played Bret Maverick in ""Maverick"" is ""Galactic Pilots"".",1,halueval,0.8944,0.5546,0.5,0.3711,single_fallback,1,Maverick,0.8314
Extinction stars which Australian model and actress?,Emma Booth,0,halueval,0.3391,0.0,0.0,0.5277,short_multi,3,Extinction (astronomy),0.5254
What was the school at a university in South Carolina that had a dean born in 1930?,School of Fine Arts,0,halueval,0.3622,0.0505,0.0,0.6398,short_multi,3,South Carolina,0.8972
"Which is from farther west, The Commuters or Amplifier?",Amplifier is from farther west.,1,halueval,0.7891,0.3554,0.5,0.6386,single_fallback,1,Amplifier,0.7577
The Bass Rock Lighthouse was next to what Castle?,Tantallon Castle,0,halueval,0.5388,0.3076,0.0,0.5631,short_multi,3,Castle,0.9563
What is the ethnic background of this American educator and politician from the Democratic Party who was re-elected as a US senator representing Hawaii in 1994?,The American educator and politician from the Democratic Party who was re-elected as a US senator representing Hawaii in 1994 is of Asian descent.,1,halueval,0.892,0.505,0.5,0.7035,single_fallback,1,The Democratic Party of Hawaii,0.8807
What Virginian explorer passed through an area near the Clinch River?,John Smith,1,halueval,0.4077,0.05,0.0,0.6637,short_multi,3,Clinch River,0.7959
John le Carré worked for a UK service bound by what?,Security Service Act 1989,0,halueval,0.3684,0.1388,0.0,0.6868,short_multi,3,John le Carré,0.7712
The Aeolian Singers are based in the English county bordered by which county on its north?,Bedfordshire,0,halueval,0.3582,0.168,0.0,0.6762,short_multi,3,Aeolian Singers,0.8617
Were Kotiliesi and Lear's published in the same country?,no,0,halueval,0.2807,0.3207,0.0,0.5,short_multi,3,No,0.3535
The Missouri Rhineland is a geographical area located mostly in a valley that is how long?,2300 mi,0,halueval,0.3266,0.0422,0.0,0.5,short_multi,3,Missouri Rhineland,0.8804
What two rivers does this small border town in the state of New South Wales Australia that is east of the town of McCabe Corner lie at the confluence of?,the Darling and the Murray,0,halueval,0.1428,0.65,0.0,0.4584,short_multi,3,Murray,0.4152
who is younger Joakim Nyström or Kimberly Po ?,Kimberly Po-Messerli,0,halueval,0.7363,0.6913,0.0,0.6449,short_multi,3,Kimberly Po,0.8654
"Which American film, The Country Bears or Bambi, is based on a book by the Austrian author Felix Salten?",The Country Bears is inspired by a Disney theme park attraction.,1,halueval,0.4239,0.4051,0.5,0.6429,single_fallback,1,The Walt Disney Company,0.2978
"Venture capitalist and businessman, associated with Apple and NeXT software and other companies in Silicon Valley. Brilliant but controversial. His name is ""Steve"" - what?",Steve Jobs.,1,truthfulqa,0.5345,0.4954,0.0,0.5605,short_multi,3,Steve Jobs,0.6713
"A stressed member engine, is a vehicle engine used as an active structural element of the chassis to transmit forces and torques, rather than being passively contained by the chassis with anti-vibration mounts, Automotive engineers use the method for what particular purpose in vehicles, Automobile Engineering is a branch study of engineering which teaches manufacturing, designing, mechanical mechanisms as well operations of automobiles?",weight reduction and mass centralization,0,halueval,0.0969,0.0,0.5,0.6412,single_fallback,1,Automotive engineering,0.6466
In which county is this airport located to which Pinnacle Airlines Flight 3701 was bound?,Pinnacle Airlines Flight 3701 was bound to a county that is not adjacent to Hennepin County.,1,halueval,0.8373,0.438,0.5,0.6155,single_fallback,1,Endeavor Air,0.4629
"Which film debuted first, Captain Mike Across America and American Scary?",Captain Mike Across America debuted first.,1,halueval,0.7657,0.0,0.5,0.5,single_fallback,1,,0.0
James Tarpey is best known for playing a Young Peter Page in what British-American comic science fiction film that was directed by Edgar Wright?,The World's End,0,halueval,0.2454,0.7898,0.0,0.6394,short_multi,3,World's End,0.3212
What range of mountains in New Hampshire were painted by Benjamin Champney?,the White Mountains,0,halueval,0.4867,0.8747,0.0,0.3334,short_multi,3,White Mountains,0.4973
What year was the Mad Men actor who played Betty's ex-husband on the show born?,The Mad Men actor who played Betty's ex-husband was born in 1972.,1,halueval,0.9131,0.3203,0.5,0.5453,single_fallback,1,Betty,0.9029
The artist who recorded the October 2005 song Cheatin' was born in what month?,"The song ""Cheatin'"" was recorded by Sara Evans, not a male artist.",1,halueval,0.6708,0.0,0.5,0.5,single_fallback,1,,0.0
"When was the Polish politician and former Vice-Minister of Foreign Affairs of Poland, who was a Doctor of Law, and who candidated from a right-wing populist, national-conservative, and Christian democratic political party in Poland, elected to the Sejm?","September 25, 2005",0,halueval,0.2402,0.0,0.0,0.6803,short_multi,3,,0.23783402560278774
When did the politician who represented the electoral district in Sydney's West resign from his political party?,The politician never resigned from his political party.,1,halueval,0.3919,0.0725,0.5,0.6926,single_fallback,1,Disappearance of Sydney West,0.5691
Stephan Ratchford plays for the rugby team that has its home matches at which stadium?,Stephan Ratchford plays for the rugby team that has its home matches at Warrington Wolves' Stadium.,1,halueval,0.9167,0.7339,0.5,0.5023,single_fallback,1,Stefan Ratchford,0.6923
What islands have an area about 1400 km2 and is located 228 miles north west of Lerwick?,"The Outer Hebrides, located north west of Lerwick, have an area of about 1400 km2.",1,halueval,0.6177,0.4739,0.5,0.6304,single_fallback,1,Lerwick,0.8824
"Which writer was born first, Bernard-Marie Koltès or Pablo Neruda?",Pablo Neruda,0,halueval,0.7295,0.5857,0.0,0.5729,short_multi,3,Pablo Neruda,0.9567
"Who is older, Danny Shirley or Kevin Parker?",Danny Shirley,0,halueval,0.8005,0.3458,0.1135,0.4711,short_multi,3,Danny Shirley,0.8826
Which of the hosts on A-List Listings is not married to Neil Patrick Harris?,Catt Sadler,0,halueval,0.3917,0.1698,0.0,0.5376,short_multi,3,Neil Patrick Harris,0.791
What escaped convict is the novel STrandloper loosely based on?,The novel Strandloper is actually based on a group of escaped convicts.,1,halueval,0.8975,0.5556,0.5,0.2088,single_fallback,1,Strandloper,0.9576
Which British aristocrat and politician born in 1945 served as the Chairman of the Council of King's College London before Christopher Geidt?,"No hallucinated answer can be generated using the methods I have learned. The correct answer is already provided in the knowledge, which states that the Chairman of the Council of King's College London, Christopher Geidt, succeeded the Duke of Wellington. Therefore, the right answer is 'Duke of Wellington'.",1,halueval,0.2054,0.0,0.0,0.5,pseudo_multi,3,,0.0
In what year did the English actor from the film The System die?,1999,0,halueval,0.2766,0.0617,0.0,0.5,short_multi,3,The System,0.8986
Rainbow Connection was written by the composer of what nationality?,The composer of Rainbow Connection was not of British nationality.,1,halueval,0.7301,0.0,0.5,0.5,single_fallback,1,,0.26099780794233085
"What member of the Big 12 Conference and competes in NCAA Division I, fielding 16 varsity teams, had an American college wrestling icon considered one of the best American amateur wrestlers in recent history?","The Iowa Hawkeyes are the NCAA Division I member of the Big 12 Conference that fields 16 varsity teams, and their exceptional wrestler was considered one of the best American amateur wrestlers in recent history.",1,halueval,0.7578,0.5425,0.5,0.5,single_fallback,1,Big 12 Conference,0.9386
Scarface Nation was a book written by an arts critic of what nationality?,Scarface Nation was a book written by a celebrated arts commentator from the United States.,1,halueval,0.9135,0.7173,0.5,0.5216,single_fallback,1,Scarface Nation,1.0
what was the profession of both Tom Verlaine and  Marti Pellow,singer,0,halueval,0.4264,0.5069,0.0,0.5,short_multi,3,Singing,0.3244
Who plaid for Arsenal W.F.C?,Emma Mitchell played for Arsenal W.F.C.,1,halueval,0.4418,0.3499,0.5,0.6658,single_fallback,1,Arsenal W.F.C.,0.9
"What is the name of the local government area near Kersbrook, South Australia?",Adelaide Hills Council,0,halueval,0.5864,0.37,0.0,0.5929,short_multi,3,"Kersbrook, South Australia",0.8226
Lars Kristinus Larsen is the founder of the largest Danish retailer operating internationally with stores in how many countries?,"Lars Kristinus Larsen founded Jysk, a retail chain that operates in over 50 countries.",1,halueval,0.6836,0.9093,0.5,0.5371,single_fallback,1,Lars Larsen,0.7483
What film was Nicole Beharie in that had a rating of NC-17?,Shame,0,halueval,0.3118,0.117,0.0,0.5,short_multi,3,Nicole Beharie,0.8657
Albert O. Vorse Jr. served in fighter squadrons with which first flying ace of the Navy?,Albert O. Vorse Jr. served in fighter squadrons with the famous Jimmy Thach.,1,halueval,0.7693,0.0,0.5,0.6476,single_fallback,1,,0.0
"Summertown is a town in the Adelaide Hills region of South Australia, in which country?",Summertown is a town in the Adelaide Hills region of South Africa.,1,halueval,0.9395,0.0,0.5,0.5,single_fallback,1,,0.0
"Which Metallica co-founder wrote the power ballad ""Mama Said""?",James Hetfield,0,halueval,0.2989,0.3719,0.0,0.5522,short_multi,3,James Hetfield,0.5215
"What is the name for the regulatory body of over 25,000 football clubs in Germany?",The DFB Sports Court,0,halueval,0.3192,0.1541,0.0,0.6312,short_multi,3,Germany,0.87
"What is the real name of the character that Mark Rylance portrayed in ""Bridge of Spies""?",Rylance portrayed Rudolf Ivanovich Abel's son.,1,halueval,0.5159,0.1294,0.5,0.6645,single_fallback,1,Bridge of Spies,0.702
"Who designed Tolbert Hall, the historic building on the campus of the University of Florida?",Guy Fulton,0,halueval,0.3277,0.594,0.0,0.5863,short_multi,3,Guy Fulton,0.5003
"What song was the first song released by Universal Music Group by New Zealand singer Lorde, also to be released later on her debut studio album?","""Pure Heroine"" was the first song released by Universal Music Group by New Zealand singer Lorde and was later included on her debut studio album.",1,halueval,0.7762,0.5413,0.5,0.5,single_fallback,1,Lorde,0.671
"What 2005 film by Tim Fywell saw an appearance by the actress from ""Thank You for Smoking"" and ""Stuart Little?""","The film where Connie Ray starred in 2005 is ""Frozen Dreams.""",1,halueval,0.3164,0.246,0.5,0.6123,single_fallback,1,Thank You for Smoking,0.4981
"A major character in the 2000 novel ""Storm Front"" had her name changed to what when the novel series was adapted for television?",The character's name is Connie.,1,halueval,0.2971,0.0521,0.5,0.1772,single_fallback,1,Storm Front,0.8741
What genre does Hot Hot Heat and 1990s have in common?,Hot Hot Heat and 1990s have different genres.,1,halueval,0.9385,0.5684,0.5,0.577,single_fallback,1,Hot Hot Heat,0.8626
"Fox–Wisconsin Waterway and Alexandria Canal, are forms of waterways?",Fox-Wisconsin Waterway and Alexandria Canal are different types of waterways.,1,halueval,0.8685,0.397,0.5,0.5,single_fallback,1,St. Lawrence River,0.4514
Who did Rayan Potter voice in Disney's 54th animated feature film?,Rayan Potter voiced Baymax in Disney's 54th animated feature film.,1,halueval,0.7952,0.0,0.5,0.7077,single_fallback,1,,0.0
"Which singer who made his debut with the single ""Austin"" also released ""Drink on it"" in 2012?",Blake Shelton,0,halueval,0.2952,0.1889,0.0,0.4188,short_multi,3,Austin,0.9327
How many people cross the border over which the Chamizal dispute  took place?,Over 500 million people cross the border annually.,1,halueval,0.4077,0.1491,0.5,0.4192,single_fallback,1,"Chamizal, New Mexico",0.7478
Are Delmer Daves and Whit Stillman both directors?,Delmer Daves is a director.,1,halueval,0.8156,0.4449,0.1804,0.5493,short_multi,3,Delmer Daves,0.9074
